qid,osm_rel,osm_way,todo
Q55693495,,,ğŸ”— Add/Correct wikidata=Q55693495 in OSM relation/way
Q10435627,,103223724,ğŸ”— Add/Correct wikidata=Q10435627 in OSM relation/way
Q30163211,13929199,,ğŸ”— Add/Correct wikidata=Q30163211 in OSM relation/way
Q55693510,,,ğŸ”— Add/Correct wikidata=Q55693510 in OSM relation/way
Q30176892,,,ğŸ”— Add/Correct wikidata=Q30176892 in OSM relation/way
Q29580017,,,ğŸ”— Add/Correct wikidata=Q29580017 in OSM relation/way
Q30172530,,,ğŸ”— Add/Correct wikidata=Q30172530 in OSM relation/way
Q29580026,,103228133,ğŸ”— Add/Correct wikidata=Q29580026 in OSM relation/way
Q30158662,,,ğŸ”— Add/Correct wikidata=Q30158662 in OSM relation/way
Q30165417,,,ğŸ”— Add/Correct wikidata=Q30165417 in OSM relation/way
Q91870846,,,ğŸ”— Add/Correct wikidata=Q91870846 in OSM relation/way
Q10572699,5823084,,ğŸ”— Add/Correct wikidata=Q10572699 in OSM relation/way
Q30158607,,,ğŸ”— Add/Correct wikidata=Q30158607 in OSM relation/way
Q134587569,1463792,,ğŸ”— Add/Correct wikidata=Q134587569 in OSM relation/way
Q91914178,,,ğŸ”— Add/Correct wikidata=Q91914178 in OSM relation/way
Q10669326,,,ğŸ”— Add/Correct wikidata=Q10669326 in OSM relation/way
Q10669326,,,ğŸ”— Add/Correct wikidata=Q10669326 in OSM relation/way
Q121433503,,,ğŸ”— Add/Correct wikidata=Q121433503 in OSM relation/way
Q30160002,,793248665,ğŸ”— Add/Correct wikidata=Q30160002 in OSM relation/way
Q10397880,1381602,,ğŸŒ Add/Correct website=https://www.lansstyrelsen.se/stockholm/besoksmal/naturreservat/abborrtrask.html in OSM relation/way
,,,ğŸŒ Add/Correct website=https://www.lansstyrelsen.se/stockholm/besoksmal/naturreservat/adelso-sattra.html in OSM relation/way
Q10404424,2651046,,ğŸŒ Add/Correct website=https://www.lansstyrelsen.se/stockholm/besoksmal/naturreservat/alby.html in OSM relation/way
Q30162836,10626317,,ğŸŒ Add/Correct website=https://www.lansstyrelsen.se/stockholm/besoksmal/naturreservat/angodrommen.html in OSM relation/way
Q30159126,,103249546,ğŸŒ Add/Correct website=https://www.lansstyrelsen.se/stockholm/besoksmal/naturreservat/askarehage.html in OSM relation/way
Q30161455,9769162,,ğŸŒ Add/Correct website=https://www.lansstyrelsen.se/stockholm/besoksmal/naturreservat/aspdalssjon.html in OSM relation/way
Q55693495,,,ğŸŒ Add/Correct website=https://www.lansstyrelsen.se/stockholm/besoksmal/naturreservat/bellberget.html in OSM relation/way
Q30160668,,103225890,ğŸŒ Add/Correct website=https://www.lansstyrelsen.se/stockholm/besoksmal/naturreservat/bjoringe.html in OSM relation/way
Q30161744,1463772,,ğŸŒ Add/Correct website=https://www.lansstyrelsen.se/stockholm/besoksmal/naturreservat/bjorkby-kyrkviken.html in OSM relation/way
Q10430621,1463778,,ğŸŒ Add/Correct website=https://www.lansstyrelsen.se/stockholm/besoksmal/naturreservat/bjorksattrahalvon.html in OSM relation/way
,,,ğŸŒ Add/Correct website=https://www.lansstyrelsen.se/stockholm/besoksmal/naturreservat/bjorkviksmossens-domanreservat.html in OSM relation/way
,,,ğŸŒ Add/Correct website=https://www.lansstyrelsen.se/stockholm/besoksmal/naturreservat/bjorko.html in OSM relation/way
Q26196467,1463786,,ğŸŒ Add/Correct website=https://www.lansstyrelsen.se/stockholm/besoksmal/naturreservat/bjorno.html in OSM relation/way
,,,ğŸŒ Add/Correct website=https://www.lansstyrelsen.se/stockholm/besoksmal/naturreservat/blagardsmossen.html in OSM relation/way
,,,ğŸŒ Add/Correct website=https://www.lansstyrelsen.se/stockholm/besoksmal/naturreservat/bogesundslandet.html in OSM relation/way
,,,ğŸŒ Add/Correct website=https://www.lansstyrelsen.se/stockholm/besoksmal/naturreservat/bokullen.html in OSM relation/way
,,,ğŸŒ Add/Correct website=https://www.lansstyrelsen.se/stockholm/besoksmal/naturreservat/borgskogen.html in OSM relation/way
Q10433291,1463757,,ğŸŒ Add/Correct website=https://www.lansstyrelsen.se/stockholm/besoksmal/naturreservat/bornsjon.html in OSM relation/way
Q10433291,1463757,,ğŸŒ Add/Correct website=https://www.lansstyrelsen.se/stockholm/besoksmal/naturreservat/bornsjon.html in OSM relation/way
Q10433291,1463757,,ğŸŒ Add/Correct website=https://www.lansstyrelsen.se/stockholm/besoksmal/naturreservat/bornsjon.html in OSM relation/way
,,,ğŸŒ Add/Correct website=https://www.lansstyrelsen.se/stockholm/besoksmal/naturreservat/borntorp.html in OSM relation/way
,,,ğŸŒ Add/Correct website=https://www.lansstyrelsen.se/stockholm/besoksmal/naturreservat/borudan-pellemossen.html in OSM relation/way
Q10433446,9367179,,ğŸŒ Add/Correct website=https://www.lansstyrelsen.se/stockholm/besoksmal/naturreservat/boskapson.html in OSM relation/way
,,,ğŸŒ Add/Correct website=https://www.lansstyrelsen.se/stockholm/besoksmal/naturreservat/brandalsund.html in OSM relation/way
Q10435627,,103223724,ğŸŒ Add/Correct website=https://www.lansstyrelsen.se/stockholm/besoksmal/naturreservat/brinkbacken.html in OSM relation/way
,,,ğŸŒ Add/Correct website=https://www.lansstyrelsen.se/stockholm/besoksmal/naturreservat/broby.html in OSM relation/way
,,,ğŸŒ Add/Correct website=https://www.lansstyrelsen.se/stockholm/besoksmal/naturreservat/broknapparna.html in OSM relation/way
,,,ğŸŒ Add/Correct website=https://www.lansstyrelsen.se/stockholm/besoksmal/naturreservat/bromseby.html in OSM relation/way
,,,ğŸŒ Add/Correct website=https://www.lansstyrelsen.se/stockholm/besoksmal/naturreservat/broangarna.html in OSM relation/way
,,,ğŸŒ Add/Correct website=https://www.lansstyrelsen.se/stockholm/besoksmal/naturreservat/brannstrom.html in OSM relation/way
,,,ğŸŒ Add/Correct website=https://www.lansstyrelsen.se/stockholm/besoksmal/naturreservat/branntorpet.html in OSM relation/way
Q30160705,12865306,,ğŸŒ Add/Correct website=https://www.lansstyrelsen.se/stockholm/besoksmal/naturreservat/bullerskar.html in OSM relation/way
,,,ğŸŒ Add/Correct website=https://www.lansstyrelsen.se/stockholm/besoksmal/naturreservat/barsjon.html in OSM relation/way
,,,ğŸŒ Add/Correct website=https://www.lansstyrelsen.se/stockholm/besoksmal/naturreservat/digermyren.html in OSM relation/way
,,,ğŸŒ Add/Correct website=https://www.lansstyrelsen.se/stockholm/besoksmal/naturreservat/djupviken.html in OSM relation/way
Q30165719,10626959,,ğŸŒ Add/Correct website=https://www.lansstyrelsen.se/stockholm/besoksmal/naturreservat/djurgard.html in OSM relation/way
,,,ğŸŒ Add/Correct website=https://www.lansstyrelsen.se/stockholm/besoksmal/naturreservat/domarudden.html in OSM relation/way
,,,ğŸŒ Add/Correct website=https://www.lansstyrelsen.se/stockholm/besoksmal/naturreservat/drevviken.html in OSM relation/way
,,,ğŸŒ Add/Correct website=https://www.lansstyrelsen.se/stockholm/besoksmal/naturreservat/dyviks-lovangar.html in OSM relation/way
Q30158226,10626315,,ğŸŒ Add/Correct website=https://www.lansstyrelsen.se/stockholm/besoksmal/naturreservat/davelsofjarden.html in OSM relation/way
,,,ğŸŒ Add/Correct website=https://www.lansstyrelsen.se/stockholm/besoksmal/naturreservat/edebo-sattra-utskog.html in OSM relation/way
,,,ğŸŒ Add/Correct website=https://www.lansstyrelsen.se/stockholm/besoksmal/naturreservat/ekebysjon.html in OSM relation/way
,,,ğŸŒ Add/Correct website=https://www.lansstyrelsen.se/stockholm/besoksmal/naturreservat/ekholmen.html in OSM relation/way
,,,ğŸŒ Add/Correct website=https://www.lansstyrelsen.se/stockholm/besoksmal/naturreservat/ekoberget.html in OSM relation/way
Q10481121,10626958,,ğŸŒ Add/Correct website=https://www.lansstyrelsen.se/stockholm/besoksmal/naturreservat/eldgarnso.html in OSM relation/way
,,,ğŸŒ Add/Correct website=https://www.lansstyrelsen.se/stockholm/besoksmal/naturreservat/ensta-o.html in OSM relation/way
,,,ğŸŒ Add/Correct website=https://www.lansstyrelsen.se/stockholm/besoksmal/naturreservat/erikso.html in OSM relation/way
,,,ğŸŒ Add/Correct website=https://www.lansstyrelsen.se/stockholm/besoksmal/naturreservat/ersmossen.html in OSM relation/way
,,,ğŸŒ Add/Correct website=https://www.lansstyrelsen.se/stockholm/besoksmal/naturreservat/exerman-hersby.html in OSM relation/way
,,,ğŸŒ Add/Correct website=https://www.lansstyrelsen.se/stockholm/besoksmal/naturreservat/farstanas.html in OSM relation/way
Q18289763,8521592,,ğŸŒ Add/Correct website=https://www.lansstyrelsen.se/stockholm/besoksmal/naturreservat/fifang.html in OSM relation/way
,,,ğŸŒ Add/Correct website=https://www.lansstyrelsen.se/stockholm/besoksmal/naturreservat/fiskarudden.html in OSM relation/way
Q1422492,1463788,,ğŸŒ Add/Correct website=https://www.lansstyrelsen.se/stockholm/besoksmal/naturreservat/fjardlang.html in OSM relation/way
,,,ğŸŒ Add/Correct website=https://www.lansstyrelsen.se/stockholm/besoksmal/naturreservat/flaten.html in OSM relation/way
Q5458610,10631432,,ğŸŒ Add/Correct website=https://www.lansstyrelsen.se/stockholm/besoksmal/naturreservat/flemingsbergsskogen.html in OSM relation/way
,,,ğŸŒ Add/Correct website=https://www.lansstyrelsen.se/stockholm/besoksmal/naturreservat/frolunda.html in OSM relation/way
Q30205045,,103224343,ğŸŒ Add/Correct website=https://www.lansstyrelsen.se/stockholm/besoksmal/naturreservat/furusundsfjarden.html in OSM relation/way
,,,ğŸŒ Add/Correct website=https://www.lansstyrelsen.se/stockholm/besoksmal/naturreservat/fysingen.html in OSM relation/way
Q30163211,13929199,,ğŸŒ Add/Correct website=https://www.lansstyrelsen.se/stockholm/besoksmal/naturreservat/farholmen.html in OSM relation/way
,,,ğŸŒ Add/Correct website=https://www.lansstyrelsen.se/stockholm/besoksmal/naturreservat/faberget.html in OSM relation/way
,,,ğŸŒ Add/Correct website=https://www.lansstyrelsen.se/stockholm/besoksmal/naturreservat/farsna.html in OSM relation/way
,,,ğŸŒ Add/Correct website=https://www.lansstyrelsen.se/stockholm/besoksmal/naturreservat/faviksgrundet.html in OSM relation/way
,,,ğŸŒ Add/Correct website=https://www.lansstyrelsen.se/stockholm/besoksmal/naturreservat/gammalbyberg.html in OSM relation/way
,,,ğŸŒ Add/Correct website=https://www.lansstyrelsen.se/stockholm/besoksmal/naturreservat/garnudden.html in OSM relation/way
Q55693510,,,ğŸŒ Add/Correct website=https://www.lansstyrelsen.se/stockholm/besoksmal/naturreservat/getholmen.html in OSM relation/way
,,,ğŸŒ Add/Correct website=https://www.lansstyrelsen.se/stockholm/besoksmal/naturreservat/gillberga.html in OSM relation/way
Q30176892,,,ğŸŒ Add/Correct website=https://www.lansstyrelsen.se/stockholm/besoksmal/naturreservat/gisslingo.html in OSM relation/way
Q29580017,,,ğŸŒ Add/Correct website=https://www.lansstyrelsen.se/stockholm/besoksmal/naturreservat/glado-kvarnsjo.html in OSM relation/way
Q10505222,10631433,,ğŸŒ Add/Correct website=https://www.lansstyrelsen.se/stockholm/besoksmal/naturreservat/gladoskogen.html in OSM relation/way
,,,ğŸŒ Add/Correct website=https://www.lansstyrelsen.se/stockholm/besoksmal/naturreservat/grendalen.html in OSM relation/way
,,,ğŸŒ Add/Correct website=https://www.lansstyrelsen.se/stockholm/besoksmal/naturreservat/grevinnans-ra.html in OSM relation/way
,,,ğŸŒ Add/Correct website=https://www.lansstyrelsen.se/stockholm/besoksmal/naturreservat/gribby.html in OSM relation/way
,,,ğŸŒ Add/Correct website=https://www.lansstyrelsen.se/stockholm/besoksmal/naturreservat/grimsta.html in OSM relation/way
,,,ğŸŒ Add/Correct website=https://www.lansstyrelsen.se/stockholm/besoksmal/naturreservat/grottberget.html in OSM relation/way
,,,ğŸŒ Add/Correct website=https://www.lansstyrelsen.se/stockholm/besoksmal/naturreservat/grundsjomossarna.html in OSM relation/way
Q30172530,,,ğŸŒ Add/Correct website=https://www.lansstyrelsen.se/stockholm/besoksmal/naturreservat/graddo-asken.html in OSM relation/way
,,,ğŸŒ Add/Correct website=https://www.lansstyrelsen.se/stockholm/besoksmal/naturreservat/granskaret.html in OSM relation/way
,,,ğŸŒ Add/Correct website=https://www.lansstyrelsen.se/stockholm/besoksmal/naturreservat/gronskar.html in OSM relation/way
,,,ğŸŒ Add/Correct website=https://www.lansstyrelsen.se/stockholm/besoksmal/naturreservat/gullringskarret.html in OSM relation/way
,,,ğŸŒ Add/Correct website=https://www.lansstyrelsen.se/stockholm/besoksmal/naturreservat/gullunge.html in OSM relation/way
Q30172747,,103225642,ğŸŒ Add/Correct website=https://www.lansstyrelsen.se/stockholm/besoksmal/naturreservat/gymmerholmen.html in OSM relation/way
Q10512483,1463746,,ğŸŒ Add/Correct website=https://www.lansstyrelsen.se/stockholm/besoksmal/naturreservat/galo.html in OSM relation/way
,,,ğŸŒ Add/Correct website=https://www.lansstyrelsen.se/stockholm/besoksmal/naturreservat/gasholmen.html in OSM relation/way
Q30183563,10626461,,ğŸŒ Add/Correct website=https://www.lansstyrelsen.se/stockholm/besoksmal/naturreservat/galnan.html in OSM relation/way
Q10512354,9344353,,ğŸŒ Add/Correct website=https://www.lansstyrelsen.se/stockholm/besoksmal/naturreservat/gardesudden.html in OSM relation/way
Q5626593,1463764,,ğŸŒ Add/Correct website=https://www.lansstyrelsen.se/stockholm/besoksmal/naturreservat/gommaren.html in OSM relation/way
Q10512650,,209686481,ğŸŒ Add/Correct website=https://www.lansstyrelsen.se/stockholm/besoksmal/naturreservat/gomsta-ang.html in OSM relation/way
,,,ğŸŒ Add/Correct website=https://www.lansstyrelsen.se/stockholm/besoksmal/naturreservat/gorvaln.html in OSM relation/way
,,,ğŸŒ Add/Correct website=https://www.lansstyrelsen.se/stockholm/besoksmal/naturreservat/hagsatraskogen.html in OSM relation/way
Q30180517,1463802,,ğŸŒ Add/Correct website=https://www.lansstyrelsen.se/stockholm/besoksmal/naturreservat/hallonstenarna.html in OSM relation/way
Q30197151,10626052,,ğŸŒ Add/Correct website=https://www.lansstyrelsen.se/stockholm/besoksmal/naturreservat/hallskaret.html in OSM relation/way
Q30169901,10626460,,ğŸŒ Add/Correct website=https://www.lansstyrelsen.se/stockholm/besoksmal/naturreservat/halsfambaken.html in OSM relation/way
,,,ğŸŒ Add/Correct website=https://www.lansstyrelsen.se/stockholm/besoksmal/naturreservat/hammarberget.html in OSM relation/way
,,,ğŸŒ Add/Correct website=https://www.lansstyrelsen.se/stockholm/besoksmal/naturreservat/hammaren.html in OSM relation/way
Q30160722,11901220,,ğŸŒ Add/Correct website=https://www.lansstyrelsen.se/stockholm/besoksmal/naturreservat/hamnskogen-eriksberg.html in OSM relation/way
,,,ğŸŒ Add/Correct website=https://www.lansstyrelsen.se/stockholm/besoksmal/naturreservat/hamnskar.html in OSM relation/way
,,,ğŸŒ Add/Correct website=https://www.lansstyrelsen.se/stockholm/besoksmal/naturreservat/hansta.html in OSM relation/way
,,,ğŸŒ Add/Correct website=https://www.lansstyrelsen.se/stockholm/besoksmal/naturreservat/hasselhorn.html in OSM relation/way
,,,ğŸŒ Add/Correct website=https://www.lansstyrelsen.se/stockholm/besoksmal/naturreservat/hemholmen.html in OSM relation/way
,,,ğŸŒ Add/Correct website=https://www.lansstyrelsen.se/stockholm/besoksmal/naturreservat/hummelberget.html in OSM relation/way
,,,ğŸŒ Add/Correct website=https://www.lansstyrelsen.se/stockholm/besoksmal/naturreservat/hundsjon.html in OSM relation/way
,,,ğŸŒ Add/Correct website=https://www.lansstyrelsen.se/stockholm/besoksmal/naturreservat/husby.html in OSM relation/way
,,,ğŸŒ Add/Correct website=https://www.lansstyrelsen.se/stockholm/besoksmal/naturreservat/huvudholmen.html in OSM relation/way
Q5951207,1463779,,ğŸŒ Add/Correct website=https://www.lansstyrelsen.se/stockholm/besoksmal/naturreservat/huvudskar.html in OSM relation/way
Q28485678,9348944,,ğŸŒ Add/Correct website=https://www.lansstyrelsen.se/stockholm/besoksmal/naturreservat/huvududden.html in OSM relation/way
,,,ğŸŒ Add/Correct website=https://www.lansstyrelsen.se/stockholm/besoksmal/naturreservat/hallviksjon.html in OSM relation/way
,,,ğŸŒ Add/Correct website=https://www.lansstyrelsen.se/stockholm/besoksmal/naturreservat/hallsboskogen.html in OSM relation/way
,,,ğŸŒ Add/Correct website=https://www.lansstyrelsen.se/stockholm/besoksmal/naturreservat/haringe-hammersta.html in OSM relation/way
Q30159080,10626313,,ğŸŒ Add/Correct website=https://www.lansstyrelsen.se/stockholm/besoksmal/naturreservat/hastholmen.html in OSM relation/way
,,,ğŸŒ Add/Correct website=https://www.lansstyrelsen.se/stockholm/besoksmal/naturreservat/havero-bergby.html in OSM relation/way
Q29580026,,103228133,ğŸŒ Add/Correct website=https://www.lansstyrelsen.se/stockholm/besoksmal/naturreservat/havero-prastang.html in OSM relation/way
,,,ğŸŒ Add/Correct website=https://www.lansstyrelsen.se/stockholm/besoksmal/naturreservat/hokmossen.html in OSM relation/way
,,,ğŸŒ Add/Correct website=https://www.lansstyrelsen.se/stockholm/besoksmal/naturreservat/horningsnas.html in OSM relation/way
,,,ğŸŒ Add/Correct website=https://www.lansstyrelsen.se/stockholm/besoksmal/naturreservat/igelbacken-i-solna.html in OSM relation/way
,,,ğŸŒ Add/Correct website=https://www.lansstyrelsen.se/stockholm/besoksmal/naturreservat/igelsjon.html in OSM relation/way
,,,ğŸŒ Add/Correct website=https://www.lansstyrelsen.se/stockholm/besoksmal/naturreservat/judarskogen.html in OSM relation/way
Q10541386,1463774,,ğŸŒ Add/Correct website=https://www.lansstyrelsen.se/stockholm/besoksmal/naturreservat/jungfruskar.html in OSM relation/way
,,,ğŸŒ Add/Correct website=https://www.lansstyrelsen.se/stockholm/besoksmal/naturreservat/jagarskogen.html in OSM relation/way
,,,ğŸŒ Add/Correct website=https://www.lansstyrelsen.se/stockholm/besoksmal/naturreservat/kalkberget.html in OSM relation/way
,,,ğŸŒ Add/Correct website=https://www.lansstyrelsen.se/stockholm/besoksmal/naturreservat/kamsmosskogen.html in OSM relation/way
,,,ğŸŒ Add/Correct website=https://www.lansstyrelsen.se/stockholm/besoksmal/naturreservat/kappsta.html in OSM relation/way
Q30158662,,,ğŸŒ Add/Correct website=https://www.lansstyrelsen.se/stockholm/besoksmal/naturreservat/karlsdalsmossen.html in OSM relation/way
,,,ğŸŒ Add/Correct website=https://www.lansstyrelsen.se/stockholm/besoksmal/naturreservat/kasberget.html in OSM relation/way
,,,ğŸŒ Add/Correct website=https://www.lansstyrelsen.se/stockholm/besoksmal/naturreservat/klippan-finnala.html in OSM relation/way
,,,ğŸŒ Add/Correct website=https://www.lansstyrelsen.se/stockholm/besoksmal/naturreservat/klovsten.html in OSM relation/way
Q30165417,,,ğŸŒ Add/Correct website=https://www.lansstyrelsen.se/stockholm/besoksmal/naturreservat/klovberget.html in OSM relation/way
,,,ğŸŒ Add/Correct website=https://www.lansstyrelsen.se/stockholm/besoksmal/naturreservat/koffertberget.html in OSM relation/way
,,,ğŸŒ Add/Correct website=https://www.lansstyrelsen.se/stockholm/besoksmal/naturreservat/kolartorp.html in OSM relation/way
,,,ğŸŒ Add/Correct website=https://www.lansstyrelsen.se/stockholm/besoksmal/naturreservat/kornamossen.html in OSM relation/way
,,,ğŸŒ Add/Correct website=https://www.lansstyrelsen.se/stockholm/besoksmal/naturreservat/korpberget.html in OSM relation/way
Q30208639,15425988,,ğŸŒ Add/Correct website=https://www.lansstyrelsen.se/stockholm/besoksmal/naturreservat/korshamn.html in OSM relation/way
,,,ğŸŒ Add/Correct website=https://www.lansstyrelsen.se/stockholm/besoksmal/naturreservat/krakmyren.html in OSM relation/way
Q10549793,10626049,,ğŸŒ Add/Correct website=https://www.lansstyrelsen.se/stockholm/besoksmal/naturreservat/kudoxa.html in OSM relation/way
Q30206095,8537591,,ğŸŒ Add/Correct website=https://www.lansstyrelsen.se/stockholm/besoksmal/naturreservat/kullo.html in OSM relation/way
Q124660839,,1154068359,ğŸŒ Add/Correct website=https://www.lansstyrelsen.se/stockholm/besoksmal/naturreservat/kursoskogen-sodra.html in OSM relation/way
,,,ğŸŒ Add/Correct website=https://www.lansstyrelsen.se/stockholm/besoksmal/naturreservat/kyrksjoloten.html in OSM relation/way
,,,ğŸŒ Add/Correct website=https://www.lansstyrelsen.se/stockholm/besoksmal/naturreservat/kalso.html in OSM relation/way
Q10593699,9348947,,ğŸŒ Add/Correct website=https://www.lansstyrelsen.se/stockholm/besoksmal/naturreservat/karingboda.html in OSM relation/way
,,,ğŸŒ Add/Correct website=https://www.lansstyrelsen.se/stockholm/besoksmal/naturreservat/ladudden.html in OSM relation/way
,,,ğŸŒ Add/Correct website=https://www.lansstyrelsen.se/stockholm/besoksmal/naturreservat/ladangssjon.html in OSM relation/way
,,,ğŸŒ Add/Correct website=https://www.lansstyrelsen.se/stockholm/besoksmal/naturreservat/laggatorp.html in OSM relation/way
,,,ğŸŒ Add/Correct website=https://www.lansstyrelsen.se/stockholm/besoksmal/naturreservat/landsboda.html in OSM relation/way
,,,ğŸŒ Add/Correct website=https://www.lansstyrelsen.se/stockholm/besoksmal/naturreservat/larudan.html in OSM relation/way
,,,ğŸŒ Add/Correct website=https://www.lansstyrelsen.se/stockholm/besoksmal/naturreservat/lejondal.html in OSM relation/way
,,,ğŸŒ Add/Correct website=https://www.lansstyrelsen.se/stockholm/besoksmal/naturreservat/lettholmen.html in OSM relation/way
Q30158356,10631429,,ğŸŒ Add/Correct website=https://www.lansstyrelsen.se/stockholm/besoksmal/naturreservat/lida.html in OSM relation/way
Q10561728,10626305,,ğŸŒ Add/Correct website=https://www.lansstyrelsen.se/stockholm/besoksmal/naturreservat/lilla-husarn.html in OSM relation/way
,,,ğŸŒ Add/Correct website=https://www.lansstyrelsen.se/stockholm/besoksmal/naturreservat/lilla-svedjeholmen.html in OSM relation/way
,,,ğŸŒ Add/Correct website=https://www.lansstyrelsen.se/stockholm/besoksmal/naturreservat/lillsjon-ornassjon.html in OSM relation/way
,,,ğŸŒ Add/Correct website=https://www.lansstyrelsen.se/stockholm/besoksmal/naturreservat/lina.html in OSM relation/way
,,,ğŸŒ Add/Correct website=https://www.lansstyrelsen.se/stockholm/besoksmal/naturreservat/lindholmen.html in OSM relation/way
,,,ğŸŒ Add/Correct website=https://www.lansstyrelsen.se/stockholm/besoksmal/naturreservat/linkudden.html in OSM relation/way
,,,ğŸŒ Add/Correct website=https://www.lansstyrelsen.se/stockholm/besoksmal/naturreservat/lissmadalen.html in OSM relation/way
,,,ğŸŒ Add/Correct website=https://www.lansstyrelsen.se/stockholm/besoksmal/naturreservat/liss-mardsjoskogen.html in OSM relation/way
,,,ğŸŒ Add/Correct website=https://www.lansstyrelsen.se/stockholm/besoksmal/naturreservat/loharads-prastgard.html in OSM relation/way
,,,ğŸŒ Add/Correct website=https://www.lansstyrelsen.se/stockholm/besoksmal/naturreservat/loharad-svartkarret.html in OSM relation/way
,,,ğŸŒ Add/Correct website=https://www.lansstyrelsen.se/stockholm/besoksmal/naturreservat/loskalva-skog.html in OSM relation/way
Q2625471,8467810,,ğŸŒ Add/Correct website=https://www.lansstyrelsen.se/stockholm/besoksmal/naturreservat/lovo.html in OSM relation/way
,,,ğŸŒ Add/Correct website=https://www.lansstyrelsen.se/stockholm/besoksmal/naturreservat/langgrundet.html in OSM relation/way
Q91870846,,,ğŸŒ Add/Correct website=https://www.lansstyrelsen.se/stockholm/besoksmal/naturreservat/langholmen-karingo.html in OSM relation/way
,,,ğŸŒ Add/Correct website=https://www.lansstyrelsen.se/stockholm/besoksmal/naturreservat/langsjon.html in OSM relation/way
Q10572699,5823084,,ğŸŒ Add/Correct website=https://www.lansstyrelsen.se/stockholm/besoksmal/naturreservat/langviksskar.html in OSM relation/way
,,,ğŸŒ Add/Correct website=https://www.lansstyrelsen.se/stockholm/besoksmal/naturreservat/langvikstrask.html in OSM relation/way
,,,ğŸŒ Add/Correct website=https://www.lansstyrelsen.se/stockholm/besoksmal/naturreservat/langangen-elfvik.html in OSM relation/way
,,,ğŸŒ Add/Correct website=https://www.lansstyrelsen.se/stockholm/besoksmal/naturreservat/lannaskogen.html in OSM relation/way
,,,ğŸŒ Add/Correct website=https://www.lansstyrelsen.se/stockholm/besoksmal/naturreservat/lotsjon-golfangarna.html in OSM relation/way
,,,ğŸŒ Add/Correct website=https://www.lansstyrelsen.se/stockholm/besoksmal/naturreservat/lovdalsskogen.html in OSM relation/way
,,,ğŸŒ Add/Correct website=https://www.lansstyrelsen.se/stockholm/besoksmal/naturreservat/malmsjon.html in OSM relation/way
,,,ğŸŒ Add/Correct website=https://www.lansstyrelsen.se/stockholm/besoksmal/naturreservat/markdal.html in OSM relation/way
Q30180656,10626048,,ğŸŒ Add/Correct website=https://www.lansstyrelsen.se/stockholm/besoksmal/naturreservat/marum.html in OSM relation/way
,,,ğŸŒ Add/Correct website=https://www.lansstyrelsen.se/stockholm/besoksmal/naturreservat/molnsattra.html in OSM relation/way
,,,ğŸŒ Add/Correct website=https://www.lansstyrelsen.se/stockholm/besoksmal/naturreservat/moraans-dalgang.html in OSM relation/way
,,,ğŸŒ Add/Correct website=https://www.lansstyrelsen.se/stockholm/besoksmal/naturreservat/mornasan.html in OSM relation/way
,,,ğŸŒ Add/Correct website=https://www.lansstyrelsen.se/stockholm/besoksmal/naturreservat/munkholmen.html in OSM relation/way
,,,ğŸŒ Add/Correct website=https://www.lansstyrelsen.se/stockholm/besoksmal/naturreservat/myrbacken.html in OSM relation/way
,,,ğŸŒ Add/Correct website=https://www.lansstyrelsen.se/stockholm/besoksmal/naturreservat/mardsjon.html in OSM relation/way
,,,ğŸŒ Add/Correct website=https://www.lansstyrelsen.se/stockholm/besoksmal/naturreservat/masjon-borudamyren.html in OSM relation/way
,,,ğŸŒ Add/Correct website=https://www.lansstyrelsen.se/stockholm/besoksmal/naturreservat/malarskogen.html in OSM relation/way
,,,ğŸŒ Add/Correct website=https://www.lansstyrelsen.se/stockholm/besoksmal/naturreservat/mortsjoskogen.html in OSM relation/way
,,,ğŸŒ Add/Correct website=https://www.lansstyrelsen.se/stockholm/besoksmal/naturreservat/morto-bunso.html in OSM relation/way
,,,ğŸŒ Add/Correct website=https://www.lansstyrelsen.se/stockholm/besoksmal/naturreservat/nackareservatet-i-nacka.html in OSM relation/way
,,,ğŸŒ Add/Correct website=https://www.lansstyrelsen.se/stockholm/besoksmal/naturreservat/nackareservatet-i-stockholm.html in OSM relation/way
Q30158607,,,ğŸŒ Add/Correct website=https://www.lansstyrelsen.se/stockholm/besoksmal/naturreservat/norra-bjorkfjarden.html in OSM relation/way
,,,ğŸŒ Add/Correct website=https://www.lansstyrelsen.se/stockholm/besoksmal/naturreservat/norra-igelbacken.html in OSM relation/way
,,,ğŸŒ Add/Correct website=https://www.lansstyrelsen.se/stockholm/besoksmal/naturreservat/norra-malma.html in OSM relation/way
Q30178285,10627924,,ğŸŒ Add/Correct website=https://www.lansstyrelsen.se/stockholm/besoksmal/naturreservat/norra-tornskogen.html in OSM relation/way
,,,ğŸŒ Add/Correct website=https://www.lansstyrelsen.se/stockholm/besoksmal/naturreservat/norrga.html in OSM relation/way
,,,ğŸŒ Add/Correct website=https://www.lansstyrelsen.se/stockholm/besoksmal/naturreservat/norrgardson.html in OSM relation/way
,,,ğŸŒ Add/Correct website=https://www.lansstyrelsen.se/stockholm/besoksmal/naturreservat/norrhenninge.html in OSM relation/way
Q30207766,,103226306,ğŸŒ Add/Correct website=https://www.lansstyrelsen.se/stockholm/besoksmal/naturreservat/norrholmen.html in OSM relation/way
Q10602924,10626047,,ğŸŒ Add/Correct website=https://www.lansstyrelsen.se/stockholm/besoksmal/naturreservat/norrpada.html in OSM relation/way
,,,ğŸŒ Add/Correct website=https://www.lansstyrelsen.se/stockholm/besoksmal/naturreservat/norrskogen.html in OSM relation/way
,,,ğŸŒ Add/Correct website=https://www.lansstyrelsen.se/stockholm/besoksmal/naturreservat/norrangsskogen.html in OSM relation/way
,,,ğŸŒ Add/Correct website=https://www.lansstyrelsen.se/stockholm/besoksmal/naturreservat/nyckelviken.html in OSM relation/way
Q30161686,,103249601,ğŸŒ Add/Correct website=https://www.lansstyrelsen.se/stockholm/besoksmal/naturreservat/nasudden.html in OSM relation/way
Q10611591,1463797,,ğŸŒ Add/Correct website=https://www.lansstyrelsen.se/stockholm/besoksmal/naturreservat/orlangen.html in OSM relation/way
Q30162674,,103223586,ğŸŒ Add/Correct website=https://www.lansstyrelsen.se/stockholm/besoksmal/naturreservat/oxnaset.html in OSM relation/way
,,,ğŸŒ Add/Correct website=https://www.lansstyrelsen.se/stockholm/besoksmal/naturreservat/oxon.html in OSM relation/way
Q10617534,1463782,,ğŸŒ Add/Correct website=https://www.lansstyrelsen.se/stockholm/besoksmal/naturreservat/paradiset.html in OSM relation/way
,,,ğŸŒ Add/Correct website=https://www.lansstyrelsen.se/stockholm/besoksmal/naturreservat/parkudden-lovsta.html in OSM relation/way
Q91914178,,,ğŸŒ Add/Correct website=https://www.lansstyrelsen.se/stockholm/besoksmal/naturreservat/prastskaten.html in OSM relation/way
,,,ğŸŒ Add/Correct website=https://www.lansstyrelsen.se/stockholm/besoksmal/naturreservat/palamalm.html in OSM relation/way
,,,ğŸŒ Add/Correct website=https://www.lansstyrelsen.se/stockholm/besoksmal/naturreservat/rensattra.html in OSM relation/way
,,,ğŸŒ Add/Correct website=https://www.lansstyrelsen.se/stockholm/besoksmal/naturreservat/reveludden.html in OSM relation/way
Q10651573,1463762,,ğŸŒ Add/Correct website=https://www.lansstyrelsen.se/stockholm/besoksmal/naturreservat/revskar.html in OSM relation/way
,,,ğŸŒ Add/Correct website=https://www.lansstyrelsen.se/stockholm/besoksmal/naturreservat/rimsjo.html in OSM relation/way
,,,ğŸŒ Add/Correct website=https://www.lansstyrelsen.se/stockholm/besoksmal/naturreservat/rimsjoskogen.html in OSM relation/way
,,,ğŸŒ Add/Correct website=https://www.lansstyrelsen.se/stockholm/besoksmal/naturreservat/rinkebyskogen.html in OSM relation/way
,,,ğŸŒ Add/Correct website=https://www.lansstyrelsen.se/stockholm/besoksmal/naturreservat/rosenlundsskogen.html in OSM relation/way
,,,ğŸŒ Add/Correct website=https://www.lansstyrelsen.se/stockholm/besoksmal/naturreservat/rotholma.html in OSM relation/way
Q10657592,10626565,,ğŸŒ Add/Correct website=https://www.lansstyrelsen.se/stockholm/besoksmal/naturreservat/rudan.html in OSM relation/way
,,,ğŸŒ Add/Correct website=https://www.lansstyrelsen.se/stockholm/besoksmal/naturreservat/ryssbergens-naturreservat.html in OSM relation/way
,,,ğŸŒ Add/Correct website=https://www.lansstyrelsen.se/stockholm/besoksmal/naturreservat/rada.html in OSM relation/way
,,,ğŸŒ Add/Correct website=https://www.lansstyrelsen.se/stockholm/besoksmal/naturreservat/ragsved.html in OSM relation/way
Q55693512,13011640,,ğŸŒ Add/Correct website=https://www.lansstyrelsen.se/stockholm/besoksmal/naturreservat/rastasjon.html in OSM relation/way
,,,ğŸŒ Add/Correct website=https://www.lansstyrelsen.se/stockholm/besoksmal/naturreservat/ravsta.html in OSM relation/way
Q18332369,,103224118,ğŸŒ Add/Correct website=https://www.lansstyrelsen.se/stockholm/besoksmal/naturreservat/ronninge-by-skavloten.html in OSM relation/way
,,,ğŸŒ Add/Correct website=https://www.lansstyrelsen.se/stockholm/besoksmal/naturreservat/ronnskars-udde.html in OSM relation/way
Q30160170,,103226455,ğŸŒ Add/Correct website=https://www.lansstyrelsen.se/stockholm/besoksmal/naturreservat/rorvik.html in OSM relation/way
,,,ğŸŒ Add/Correct website=https://www.lansstyrelsen.se/stockholm/besoksmal/naturreservat/rorviksskogen.html in OSM relation/way
,,,ğŸŒ Add/Correct website=https://www.lansstyrelsen.se/stockholm/besoksmal/naturreservat/rosaringsasen.html in OSM relation/way
Q30172755,10519502,,ğŸŒ Add/Correct website=https://www.lansstyrelsen.se/stockholm/besoksmal/naturreservat/rosjoskogen.html in OSM relation/way
Q30166263,1463798,,ğŸŒ Add/Correct website=https://www.lansstyrelsen.se/stockholm/besoksmal/naturreservat/sandholmarna.html in OSM relation/way
,,,ğŸŒ Add/Correct website=https://www.lansstyrelsen.se/stockholm/besoksmal/naturreservat/singo-soderby.html in OSM relation/way
Q10669326,,,ğŸŒ Add/Correct website=https://www.lansstyrelsen.se/stockholm/besoksmal/naturreservat/sjalbottna-ostra-lagno.html in OSM relation/way
Q10669326,,,ğŸŒ Add/Correct website=https://www.lansstyrelsen.se/stockholm/besoksmal/naturreservat/sjalbottna-ostra-lagno.html in OSM relation/way
Q30158245,,103228602,ğŸŒ Add/Correct website=https://www.lansstyrelsen.se/stockholm/besoksmal/naturreservat/skansholmen.html in OSM relation/way
,,,ğŸŒ Add/Correct website=https://www.lansstyrelsen.se/stockholm/besoksmal/naturreservat/skarpnas.html in OSM relation/way
,,,ğŸŒ Add/Correct website=https://www.lansstyrelsen.se/stockholm/besoksmal/naturreservat/skeppnan.html in OSM relation/way
,,,ğŸŒ Add/Correct website=https://www.lansstyrelsen.se/stockholm/besoksmal/naturreservat/skevik.html in OSM relation/way
Q30166889,10626311,,ğŸŒ Add/Correct website=https://www.lansstyrelsen.se/stockholm/besoksmal/naturreservat/skogsskar-vindalso.html in OSM relation/way
,,,ğŸŒ Add/Correct website=https://www.lansstyrelsen.se/stockholm/besoksmal/naturreservat/skogstorp.html in OSM relation/way
Q3562577,1463747,,ğŸŒ Add/Correct website=https://www.lansstyrelsen.se/stockholm/besoksmal/naturreservat/skogso.html in OSM relation/way
,,,ğŸŒ Add/Correct website=https://www.lansstyrelsen.se/stockholm/besoksmal/naturreservat/skalhamra-kvighage.html in OSM relation/way
,,,ğŸŒ Add/Correct website=https://www.lansstyrelsen.se/stockholm/besoksmal/naturreservat/skondalsskogen.html in OSM relation/way
,,,ğŸŒ Add/Correct website=https://www.lansstyrelsen.se/stockholm/besoksmal/naturreservat/skotkobbarna.html in OSM relation/way
,,,ğŸŒ Add/Correct website=https://www.lansstyrelsen.se/stockholm/besoksmal/naturreservat/slandon.html in OSM relation/way
,,,ğŸŒ Add/Correct website=https://www.lansstyrelsen.se/stockholm/besoksmal/naturreservat/slessberget.html in OSM relation/way
,,,ğŸŒ Add/Correct website=https://www.lansstyrelsen.se/stockholm/besoksmal/naturreservat/smedsmoraskogen.html in OSM relation/way
,,,ğŸŒ Add/Correct website=https://www.lansstyrelsen.se/stockholm/besoksmal/naturreservat/smabodarna.html in OSM relation/way
,,,ğŸŒ Add/Correct website=https://www.lansstyrelsen.se/stockholm/besoksmal/naturreservat/stavsudda-krokholmen.html in OSM relation/way
Q30167181,,103227976,ğŸŒ Add/Correct website=https://www.lansstyrelsen.se/stockholm/besoksmal/naturreservat/stavsudda-tjago.html in OSM relation/way
,,,ğŸŒ Add/Correct website=https://www.lansstyrelsen.se/stockholm/besoksmal/naturreservat/steningedalen.html in OSM relation/way
Q30167075,,103228399,ğŸŒ Add/Correct website=https://www.lansstyrelsen.se/stockholm/besoksmal/naturreservat/stensholmen.html in OSM relation/way
,,,ğŸŒ Add/Correct website=https://www.lansstyrelsen.se/stockholm/besoksmal/naturreservat/sticklinge.html in OSM relation/way
,,,ğŸŒ Add/Correct website=https://www.lansstyrelsen.se/stockholm/besoksmal/naturreservat/stora-alsjon.html in OSM relation/way
Q10681079,1463785,,ğŸŒ Add/Correct website=https://www.lansstyrelsen.se/stockholm/besoksmal/naturreservat/stora-nassa.html in OSM relation/way
,,,ğŸŒ Add/Correct website=https://www.lansstyrelsen.se/stockholm/besoksmal/naturreservat/storanden.html in OSM relation/way
,,,ğŸŒ Add/Correct website=https://www.lansstyrelsen.se/stockholm/besoksmal/naturreservat/stora-och-lilla-sandbote.html in OSM relation/way
Q30172916,10626045,,ğŸŒ Add/Correct website=https://www.lansstyrelsen.se/stockholm/besoksmal/naturreservat/stora-sunnkobben.html in OSM relation/way
,,,ğŸŒ Add/Correct website=https://www.lansstyrelsen.se/stockholm/besoksmal/naturreservat/stora-trasket.html in OSM relation/way
,,,ğŸŒ Add/Correct website=https://www.lansstyrelsen.se/stockholm/besoksmal/naturreservat/stora-uringe.html in OSM relation/way
,,,ğŸŒ Add/Correct website=https://www.lansstyrelsen.se/stockholm/besoksmal/naturreservat/stora-vindasen.html in OSM relation/way
Q30163326,10626318,,ğŸŒ Add/Correct website=https://www.lansstyrelsen.se/stockholm/besoksmal/naturreservat/stor-kunnan.html in OSM relation/way
,,,ğŸŒ Add/Correct website=https://www.lansstyrelsen.se/stockholm/besoksmal/naturreservat/storlaven.html in OSM relation/way
Q30183496,,103224006,ğŸŒ Add/Correct website=https://www.lansstyrelsen.se/stockholm/besoksmal/naturreservat/storskar.html in OSM relation/way
,,,ğŸŒ Add/Correct website=https://www.lansstyrelsen.se/stockholm/besoksmal/naturreservat/stortjaran.html in OSM relation/way
,,,ğŸŒ Add/Correct website=https://www.lansstyrelsen.se/stockholm/besoksmal/naturreservat/storvikaren.html in OSM relation/way
,,,ğŸŒ Add/Correct website=https://www.lansstyrelsen.se/stockholm/besoksmal/naturreservat/storangen.html in OSM relation/way
,,,ğŸŒ Add/Correct website=https://www.lansstyrelsen.se/stockholm/besoksmal/naturreservat/storangstorpet.html in OSM relation/way
Q29579991,,103228650,ğŸŒ Add/Correct website=https://www.lansstyrelsen.se/stockholm/besoksmal/naturreservat/storo.html in OSM relation/way
,,,ğŸŒ Add/Correct website=https://www.lansstyrelsen.se/stockholm/besoksmal/naturreservat/stralsjon-erstavik.html in OSM relation/way
,,,ğŸŒ Add/Correct website=https://www.lansstyrelsen.se/stockholm/besoksmal/naturreservat/stroja.html in OSM relation/way
Q30175524,,103225003,ğŸŒ Add/Correct website=https://www.lansstyrelsen.se/stockholm/besoksmal/naturreservat/stangskar.html in OSM relation/way
,,,ğŸŒ Add/Correct website=https://www.lansstyrelsen.se/stockholm/besoksmal/naturreservat/staketskogen.html in OSM relation/way
Q10683750,1463756,,ğŸŒ Add/Correct website=https://www.lansstyrelsen.se/stockholm/besoksmal/naturreservat/sundby.html in OSM relation/way
,,,ğŸŒ Add/Correct website=https://www.lansstyrelsen.se/stockholm/besoksmal/naturreservat/svalgarn.html in OSM relation/way
,,,ğŸŒ Add/Correct website=https://www.lansstyrelsen.se/stockholm/besoksmal/naturreservat/svartkobben.html in OSM relation/way
,,,ğŸŒ Add/Correct website=https://www.lansstyrelsen.se/stockholm/besoksmal/naturreservat/svartkallsskogen.html in OSM relation/way
,,,ğŸŒ Add/Correct website=https://www.lansstyrelsen.se/stockholm/besoksmal/naturreservat/svartkarret.html in OSM relation/way
Q10684954,,103223783,ğŸŒ Add/Correct website=https://www.lansstyrelsen.se/stockholm/besoksmal/naturreservat/svenska-bjorn.html in OSM relation/way
Q5238909,13212844,103226666,ğŸŒ Add/Correct website=https://www.lansstyrelsen.se/stockholm/besoksmal/naturreservat/svenska-hogarna.html in OSM relation/way
Q26256700,16033881,,ğŸŒ Add/Correct website=https://www.lansstyrelsen.se/stockholm/besoksmal/naturreservat/svardso.html in OSM relation/way
,,,ğŸŒ Add/Correct website=https://www.lansstyrelsen.se/stockholm/besoksmal/naturreservat/satraskogen.html in OSM relation/way
,,,ğŸŒ Add/Correct website=https://www.lansstyrelsen.se/stockholm/besoksmal/naturreservat/sattra-gard.html in OSM relation/way
,,,ğŸŒ Add/Correct website=https://www.lansstyrelsen.se/stockholm/besoksmal/naturreservat/sodergarn.html in OSM relation/way
,,,ğŸŒ Add/Correct website=https://www.lansstyrelsen.se/stockholm/besoksmal/naturreservat/sodra-stavsudda.html in OSM relation/way
Q30174497,8494866,,ğŸŒ Add/Correct website=https://www.lansstyrelsen.se/stockholm/besoksmal/naturreservat/sodra-tornskogen.html in OSM relation/way
,,,ğŸŒ Add/Correct website=https://www.lansstyrelsen.se/stockholm/besoksmal/naturreservat/talbyskogen.html in OSM relation/way
,,,ğŸŒ Add/Correct website=https://www.lansstyrelsen.se/stockholm/besoksmal/naturreservat/tattby.html in OSM relation/way
,,,ğŸŒ Add/Correct website=https://www.lansstyrelsen.se/stockholm/besoksmal/naturreservat/tegelhagsskogen.html in OSM relation/way
Q121433503,,,ğŸŒ Add/Correct website=https://www.lansstyrelsen.se/stockholm/besoksmal/naturreservat/telegrafberget.html in OSM relation/way
Q25269455,6376975,,ğŸŒ Add/Correct website=https://www.lansstyrelsen.se/stockholm/besoksmal/naturreservat/tollare.html in OSM relation/way
Q10700136,1464356,,ğŸŒ Add/Correct website=https://www.lansstyrelsen.se/stockholm/besoksmal/naturreservat/tornberget.html in OSM relation/way
,,,ğŸŒ Add/Correct website=https://www.lansstyrelsen.se/stockholm/besoksmal/naturreservat/torslunda.html in OSM relation/way
Q30177066,1463744,,ğŸŒ Add/Correct website=https://www.lansstyrelsen.se/stockholm/besoksmal/naturreservat/tranvik.html in OSM relation/way
,,,ğŸŒ Add/Correct website=https://www.lansstyrelsen.se/stockholm/besoksmal/naturreservat/tre-backar.html in OSM relation/way
,,,ğŸŒ Add/Correct website=https://www.lansstyrelsen.se/stockholm/besoksmal/naturreservat/trehorningsskogen.html in OSM relation/way
,,,ğŸŒ Add/Correct website=https://www.lansstyrelsen.se/stockholm/besoksmal/naturreservat/trollsjon.html in OSM relation/way
,,,ğŸŒ Add/Correct website=https://www.lansstyrelsen.se/stockholm/besoksmal/naturreservat/trangsundsskogen.html in OSM relation/way
,,,ğŸŒ Add/Correct website=https://www.lansstyrelsen.se/stockholm/besoksmal/naturreservat/tulka.html in OSM relation/way
,,,ğŸŒ Add/Correct website=https://www.lansstyrelsen.se/stockholm/besoksmal/naturreservat/tullgarn.html in OSM relation/way
Q30160002,,793248665,ğŸŒ Add/Correct website=https://www.lansstyrelsen.se/stockholm/besoksmal/naturreservat/taby-prastgard.html in OSM relation/way
,,,ğŸŒ Add/Correct website=https://www.lansstyrelsen.se/stockholm/besoksmal/naturreservat/uddaberget.html in OSM relation/way
,,,ğŸŒ Add/Correct website=https://www.lansstyrelsen.se/stockholm/besoksmal/naturreservat/ulriksdal.html in OSM relation/way
,,,ğŸŒ Add/Correct website=https://www.lansstyrelsen.se/stockholm/besoksmal/naturreservat/vackstaskogen.html in OSM relation/way
,,,ğŸŒ Add/Correct website=https://www.lansstyrelsen.se/stockholm/besoksmal/naturreservat/vallensjo.html in OSM relation/way
,,,ğŸŒ Add/Correct website=https://www.lansstyrelsen.se/stockholm/besoksmal/naturreservat/vattmoraberget.html in OSM relation/way
,,,ğŸŒ Add/Correct website=https://www.lansstyrelsen.se/stockholm/besoksmal/naturreservat/velamsund.html in OSM relation/way
,,,ğŸŒ Add/Correct website=https://www.lansstyrelsen.se/stockholm/besoksmal/naturreservat/vickelsjon.html in OSM relation/way
Q10715120,10626043,,ğŸŒ Add/Correct website=https://www.lansstyrelsen.se/stockholm/besoksmal/naturreservat/vidinge.html in OSM relation/way
Q10715125,10626054,,ğŸŒ Add/Correct website=https://www.lansstyrelsen.se/stockholm/besoksmal/naturreservat/vidingsora.html in OSM relation/way
,,,ğŸŒ Add/Correct website=https://www.lansstyrelsen.se/stockholm/besoksmal/naturreservat/vigelsjo.html in OSM relation/way
Q10715681,10626316,,ğŸŒ Add/Correct website=https://www.lansstyrelsen.se/stockholm/besoksmal/naturreservat/vindalso.html in OSM relation/way
Q10715845,3820244,,ğŸŒ Add/Correct website=https://www.lansstyrelsen.se/stockholm/besoksmal/naturreservat/vinterskogen.html in OSM relation/way
,,,ğŸŒ Add/Correct website=https://www.lansstyrelsen.se/stockholm/besoksmal/naturreservat/vagsjon.html in OSM relation/way
Q30158217,10992515,,ğŸŒ Add/Correct website=https://www.lansstyrelsen.se/stockholm/besoksmal/naturreservat/vansholmen.html in OSM relation/way
,,,ğŸŒ Add/Correct website=https://www.lansstyrelsen.se/stockholm/besoksmal/naturreservat/vaddo-prastgard.html in OSM relation/way
,,,ğŸŒ Add/Correct website=https://www.lansstyrelsen.se/stockholm/besoksmal/naturreservat/vasby-hage.html in OSM relation/way
,,,ğŸŒ Add/Correct website=https://www.lansstyrelsen.se/stockholm/besoksmal/naturreservat/vasterangsudd.html in OSM relation/way
Q30204726,10627922,,ğŸŒ Add/Correct website=https://www.lansstyrelsen.se/stockholm/besoksmal/naturreservat/vastra-jarvafaltet.html in OSM relation/way
,,,ğŸŒ Add/Correct website=https://www.lansstyrelsen.se/stockholm/besoksmal/naturreservat/yttereneby.html in OSM relation/way
,,,ğŸŒ Add/Correct website=https://www.lansstyrelsen.se/stockholm/besoksmal/naturreservat/ado-lagno.html in OSM relation/way
,,,ğŸŒ Add/Correct website=https://www.lansstyrelsen.se/stockholm/besoksmal/naturreservat/alandsskar.html in OSM relation/way
,,,ğŸŒ Add/Correct website=https://www.lansstyrelsen.se/stockholm/besoksmal/naturreservat/arstaskogen-och-arsta-holmar.html in OSM relation/way
,,,ğŸŒ Add/Correct website=https://www.lansstyrelsen.se/stockholm/besoksmal/naturreservat/attesta.html in OSM relation/way
,,,ğŸŒ Add/Correct website=https://www.lansstyrelsen.se/stockholm/besoksmal/naturreservat/avinge.html in OSM relation/way
,,,ğŸŒ Add/Correct website=https://www.lansstyrelsen.se/stockholm/besoksmal/naturreservat/alta-mosse-stralsjon.html in OSM relation/way
,,,ğŸŒ Add/Correct website=https://www.lansstyrelsen.se/stockholm/besoksmal/naturreservat/alvsjoskogen.html in OSM relation/way
Q30171561,1463780,,ğŸŒ Add/Correct website=https://www.lansstyrelsen.se/stockholm/besoksmal/naturreservat/applaro.html in OSM relation/way
Q30170445,8537631,,ğŸŒ Add/Correct website=https://www.lansstyrelsen.se/stockholm/besoksmal/naturreservat/oarna-i-stora-vartan.html in OSM relation/way
,,,ğŸŒ Add/Correct website=https://www.lansstyrelsen.se/stockholm/besoksmal/naturreservat/obacken-branninge.html in OSM relation/way
,,,ğŸŒ Add/Correct website=https://www.lansstyrelsen.se/stockholm/besoksmal/naturreservat/on-bokulludden.html in OSM relation/way
Q19979180,1463783,,ğŸŒ Add/Correct website=https://www.lansstyrelsen.se/stockholm/besoksmal/naturreservat/oren.html in OSM relation/way
,,,ğŸŒ Add/Correct website=https://www.lansstyrelsen.se/stockholm/besoksmal/naturreservat/osbytrask.html in OSM relation/way
,,,ğŸŒ Add/Correct website=https://www.lansstyrelsen.se/stockholm/besoksmal/naturreservat/osterslumpen.html in OSM relation/way
,,,ğŸŒ Add/Correct website=https://www.lansstyrelsen.se/stockholm/besoksmal/naturreservat/ostra-brota.html in OSM relation/way
Q30158554,10627921,,ğŸŒ Add/Correct website=https://www.lansstyrelsen.se/stockholm/besoksmal/naturreservat/ostra-jarvafaltet.html in OSM relation/way
