url,ext,content_type
https://stockholmarchipelagotrail.com/,html,text/html; charset=UTF-8
https://stockholmarchipelagotrail.com/section,html,text/html; charset=UTF-8
https://stockholmarchipelagotrail.com/questions-and-aswers/,html,text/html; charset=UTF-8
https://stockholmarchipelagotrail.com/about/,html,text/html; charset=UTF-8
https://stockholmarchipelagotrail.com/news,html,text/html; charset=UTF-8
https://stockholmarchipelagotrail.com/section/,html,text/html; charset=UTF-8
https://stockholmarchipelagotrail.com/section/section-grinda/,html,text/html; charset=UTF-8
https://stockholmarchipelagotrail.com/section/section-landsort/,html,text/html; charset=UTF-8
https://stockholmarchipelagotrail.com/section/sat-arholma/,html,text/html; charset=UTF-8
https://stockholmarchipelagotrail.com/report-a-problem/,html,text/html; charset=UTF-8
https://stockholmarchipelagotrail.com/news/,html,text/html; charset=UTF-8
https://stockholmarchipelagotrail.com/news/the-off-season-in-the-stockholm-archipelago/,html,text/html; charset=UTF-8
https://stockholmarchipelagotrail.com/news/a-pilot-case-in-the-southern-archipelago/,html,text/html; charset=UTF-8
https://stockholmarchipelagotrail.com/news/effective-immediately-section-sandhamn-has-been-changed/,html,text/html; charset=UTF-8
https://stockholmarchipelagotrail.com/about,html,text/html; charset=UTF-8
https://stockholmarchipelagotrail.com/levels-of-difficulty-on-the-trail/,html,text/html; charset=UTF-8
https://stockholmarchipelagotrail.com/section/?view=map,html,text/html; charset=UTF-8
https://stockholmarchipelagotrail.com/section/section-lido/,html,text/html; charset=UTF-8
https://stockholmarchipelagotrail.com/section/section-furusund/,html,text/html; charset=UTF-8
https://stockholmarchipelagotrail.com/section/section-yxlan/,html,text/html; charset=UTF-8
https://stockholmarchipelagotrail.com/section/rowboats-finnhamn-ingmarso/,html,text/html; charset=UTF-8
https://stockholmarchipelagotrail.com/section/section-finnhamn/,html,text/html; charset=UTF-8
https://stockholmarchipelagotrail.com/section/section-ingmarso/,html,text/html; charset=UTF-8
https://stockholmarchipelagotrail.com/section/section-brotto/,html,text/html; charset=UTF-8
https://stockholmarchipelagotrail.com/section/section-svartso/,html,text/html; charset=UTF-8
https://stockholmarchipelagotrail.com/section/section-moja/,html,text/html; charset=UTF-8
https://stockholmarchipelagotrail.com/section/section-sandhamn/,html,text/html; charset=UTF-8
https://stockholmarchipelagotrail.com/section/section-runmaro/,html,text/html; charset=UTF-8
https://stockholmarchipelagotrail.com/section/section-namdo/,html,text/html; charset=UTF-8
https://stockholmarchipelagotrail.com/section/section-orno/,html,text/html; charset=UTF-8
https://stockholmarchipelagotrail.com/section/section-fjardlang/,html,text/html; charset=UTF-8
https://stockholmarchipelagotrail.com/section/uto/,html,text/html; charset=UTF-8
https://stockholmarchipelagotrail.com/section/uto-alo-connector-2/,html,text/html; charset=UTF-8
https://stockholmarchipelagotrail.com/section/section-alo/,html,text/html; charset=UTF-8
https://stockholmarchipelagotrail.com/section/section-rano/,html,text/html; charset=UTF-8
https://stockholmarchipelagotrail.com/section/section-nattaro/,html,text/html; charset=UTF-8
https://stockholmarchipelagotrail.com/news/notice-for-caution-on-lido/,html,text/html; charset=UTF-8
https://stockholmarchipelagotrail.com/news/section-change-on-yxlan/,html,text/html; charset=UTF-8
https://stockholmarchipelagotrail.com/news/updated-route-on-section-ingmarso/,html,text/html; charset=UTF-8
https://stockholmarchipelagotrail.com/news/how-to-behave-on-the-trail/,html,text/html; charset=UTF-8
https://stockholmarchipelagotrail.com/news/the-beginning-of-our-first-season/,html,text/html; charset=UTF-8
https://stockholmarchipelagotrail.com/news/inauguration-of-stockholm-archipelago-trail/,html,text/html; charset=UTF-8
https://stockholmarchipelagotrail.com/news/the-right-to-roam/,html,text/html; charset=UTF-8
https://stockholmarchipelagotrail.com/news/how-to-find-your-way-on-stockholm-archipelago-trail/,html,text/html; charset=UTF-8
https://stockholmarchipelagotrail.com/news/stockholm-archipelago-trail-preview/,html,text/html; charset=UTF-8
https://stockholmarchipelagotrail.com/app/uploads/2024/06/en-sat-grinda-final.pdf,pdf,application/pdf
https://stockholmarchipelagotrail.com/section/section-grinda/step-by-step-hiking-instruction-section-grinda/,html,text/html; charset=UTF-8
https://stockholmarchipelagotrail.com/app/uploads/2024/10/en-sat-landsort-final.pdf,pdf,application/pdf
https://stockholmarchipelagotrail.com/section/section-landsort/step-by-step-hiking-instruction-section-landsort/,html,text/html; charset=UTF-8
https://stockholmarchipelagotrail.com/app/uploads/2024/10/en-sat-arholma-final.pdf,pdf,application/pdf
https://stockholmarchipelagotrail.com/section/sat-arholma/step-by-step-hiking-instruction-to-section-arholma/,html,text/html; charset=UTF-8
https://stockholmarchipelagotrail.com/section/section-runmaro/step-by-step-hiking-instruction-for-section-runmaro/,html,text/html; charset=UTF-8
https://stockholmarchipelagotrail.com/app/uploads/2024/07/en-sat-lidoe-final.pdf,pdf,application/pdf
https://stockholmarchipelagotrail.com/app/uploads/2024/11/en-sat-furusund-unmarked-1.pdf,pdf,application/pdf
https://stockholmarchipelagotrail.com/app/uploads/2025/08/en-sat-yxlan-unmarked-6.pdf,pdf,application/pdf
https://stockholmarchipelagotrail.com/app/uploads/2025/05/IMG_5019.jpg,jpg,image/jpeg
https://stockholmarchipelagotrail.com/app/uploads/2025/04/en-sat-finnhamn-final-2.pdf,pdf,application/pdf
https://stockholmarchipelagotrail.com/section/section-finnhamn/step-by-step-hiking-instruction-section-finnhamn/,html,text/html; charset=UTF-8
https://stockholmarchipelagotrail.com/app/uploads/2025/07/en-sat-ingmarsoe-2025.pdf,pdf,application/pdf
https://stockholmarchipelagotrail.com/section/section-ingmarso/a-step-by-step-hiking-instruction-for-section-ingmarso/,html,text/html; charset=UTF-8
https://stockholmarchipelagotrail.com/app/uploads/2024/07/en-s-a-t-brottoe-final.pdf,pdf,application/pdf
https://stockholmarchipelagotrail.com/section/section-brotto/step-by-step-hiking-instruction-section-brotto/,html,text/html; charset=UTF-8
https://stockholmarchipelagotrail.com/app/uploads/2024/10/en-sat-svartsoe-final.pdf,pdf,application/pdf
https://stockholmarchipelagotrail.com/section/section-svartso/step-by-step-hiking-instruction-for-section-svartso/,html,text/html; charset=UTF-8
https://stockholmarchipelagotrail.com/app/uploads/2025/06/en-sat-moeja-new.pdf,pdf,application/pdf
https://stockholmarchipelagotrail.com/section/section-moja/step-by-step-hiking-instruction-section-moja/,html,text/html; charset=UTF-8
https://stockholmarchipelagotrail.com/app/uploads/2025/08/en-sat-sandhamn.pdf,pdf,application/pdf
https://stockholmarchipelagotrail.com/section/section-sandhamn/step-by-step-hiking-instruction-section-sandhamn/,html,text/html; charset=UTF-8
https://stockholmarchipelagotrail.com/app/uploads/2024/11/en-sat-runmaroe-final-1.pdf,pdf,application/pdf
https://stockholmarchipelagotrail.com/app/uploads/2024/10/en-sat-naemdoe-final.pdf,pdf,application/pdf
https://stockholmarchipelagotrail.com/section/section-namdo/step-by-step-hiking-instruction-for-section-namdo/,html,text/html; charset=UTF-8
https://stockholmarchipelagotrail.com/app/uploads/2025/03/en-sat-ornoe-nya-2.pdf,pdf,application/pdf
https://stockholmarchipelagotrail.com/section/section-orno/step-by-step-hiking-instruction-for-section-orno/,html,text/html; charset=UTF-8
https://stockholmarchipelagotrail.com/app/uploads/2024/07/en-sat-fjaerdlang-final.pdf,pdf,application/pdf
https://stockholmarchipelagotrail.com/section/section-fjardlang/step-by-step-hiking-instructions-section-fjardlang/,html,text/html; charset=UTF-8
https://stockholmarchipelagotrail.com/app/uploads/2024/06/en-s-a-t-utoe-final-3.pdf,pdf,application/pdf
https://stockholmarchipelagotrail.com/section/uto/step-by-step-hiking-description-section-uto/,html,text/html; charset=UTF-8
https://stockholmarchipelagotrail.com/app/uploads/2025/07/en-utoe-aloe-sat-trail-connector-2.pdf,pdf,application/pdf
https://stockholmarchipelagotrail.com/app/uploads/2024/06/en-s-a-t-aloe-final.pdf,pdf,application/pdf
https://stockholmarchipelagotrail.com/section/section-alo/step-by-step-hiking-instruction-section-alo/,html,text/html; charset=UTF-8
https://stockholmarchipelagotrail.com/app/uploads/2024/06/en-s-a-t-ranoe-final-1.pdf,pdf,application/pdf
https://stockholmarchipelagotrail.com/section/section-rano/step-by-step-hiking-instruction-section-rano/,html,text/html; charset=UTF-8
https://stockholmarchipelagotrail.com/app/uploads/2025/10/en-sat-nattaroe-h25.pdf,pdf,application/pdf
https://stockholmarchipelagotrail.com/section/section-nattaro/step-by-step-hiking-instruction-section-nattaro/,html,text/html; charset=UTF-8
https://stockholmarchipelagotrail.com/sv/section/roddbatar-finnhamn-ingmarso/,html,text/html; charset=UTF-8
https://stockholmarchipelagotrail.com/sv/stockholm-archipelago-trail-260-km-vandringsled-i-stockholms-skargard/,html,text/html; charset=UTF-8
https://stockholmarchipelagotrail.com/sv/section,html,text/html; charset=UTF-8
https://stockholmarchipelagotrail.com/sv/fragor-svar/,html,text/html; charset=UTF-8
https://stockholmarchipelagotrail.com/sv/om-oss/,html,text/html; charset=UTF-8
https://stockholmarchipelagotrail.com/sv/news,html,text/html; charset=UTF-8
https://stockholmarchipelagotrail.com/sv/section/,html,text/html; charset=UTF-8
https://stockholmarchipelagotrail.com/sv/fragor-svar,html,text/html; charset=UTF-8
https://stockholmarchipelagotrail.com/sv/om-oss,html,text/html; charset=UTF-8
https://stockholmarchipelagotrail.com/sv/rapportera-problem/,html,text/html; charset=UTF-8
https://stockholmarchipelagotrail.com/sv/section/etapp-arholma/,html,text/html; charset=UTF-8
https://stockholmarchipelagotrail.com/sv/section/etapp-grinda/,html,text/html; charset=UTF-8
https://stockholmarchipelagotrail.com/sv/section/etapp-landsort/,html,text/html; charset=UTF-8
https://stockholmarchipelagotrail.com/sv/news/,html,text/html; charset=UTF-8
https://stockholmarchipelagotrail.com/sv/news/lag-sasong-i-stockholms-skargard/,html,text/html; charset=UTF-8
https://stockholmarchipelagotrail.com/sv/news/ett-pilotfall-i-stockholms-sodra-skargard/,html,text/html; charset=UTF-8
https://stockholmarchipelagotrail.com/sv/news/fran-och-med-den-20-augusti-2025-ar-strackan-andrad-pa-sandhamn/,html,text/html; charset=UTF-8
https://stockholmarchipelagotrail.com/svarighetsgrader,html,text/html; charset=UTF-8
https://stockholmarchipelagotrail.com/sv/section/?view=map,html,text/html; charset=UTF-8
https://stockholmarchipelagotrail.com/sv/section/etapp-lido/,html,text/html; charset=UTF-8
https://stockholmarchipelagotrail.com/sv/section/etapp-furusund/,html,text/html; charset=UTF-8
https://stockholmarchipelagotrail.com/sv/section/etapp-yxlan/,html,text/html; charset=UTF-8
https://stockholmarchipelagotrail.com/sv/section/etapp-finnhamn/,html,text/html; charset=UTF-8
https://stockholmarchipelagotrail.com/sv/section/etapp-ingmarso/,html,text/html; charset=UTF-8
https://stockholmarchipelagotrail.com/sv/section/etapp-brotto/,html,text/html; charset=UTF-8
https://stockholmarchipelagotrail.com/sv/section/etapp-svartso/,html,text/html; charset=UTF-8
https://stockholmarchipelagotrail.com/sv/section/etapp-moja/,html,text/html; charset=UTF-8
https://stockholmarchipelagotrail.com/sv/section/etapp-sandhamn/,html,text/html; charset=UTF-8
https://stockholmarchipelagotrail.com/sv/section/etapp-runmaro/,html,text/html; charset=UTF-8
https://stockholmarchipelagotrail.com/sv/section/etapp-namdo/,html,text/html; charset=UTF-8
https://stockholmarchipelagotrail.com/sv/section/etapp-orno/,html,text/html; charset=UTF-8
https://stockholmarchipelagotrail.com/sv/section/etapp-fjardlang/,html,text/html; charset=UTF-8
https://stockholmarchipelagotrail.com/sv/section/etapp-uto-sv/,html,text/html; charset=UTF-8
https://stockholmarchipelagotrail.com/sv/section/uto-alo-connector/,html,text/html; charset=UTF-8
https://stockholmarchipelagotrail.com/sv/section/etapp-alo/,html,text/html; charset=UTF-8
https://stockholmarchipelagotrail.com/sv/section/etapp-rano/,html,text/html; charset=UTF-8
https://stockholmarchipelagotrail.com/sv/section/etapp-nattaro/,html,text/html; charset=UTF-8
https://stockholmarchipelagotrail.com/sv/news/var-uppmarksamma-langs-leden-pa-lido/,html,text/html; charset=UTF-8
https://stockholmarchipelagotrail.com/sv/news/mindre-andring-pa-etapp-yxlan/,html,text/html; charset=UTF-8
https://stockholmarchipelagotrail.com/sv/news/andring-av-strackan-pa-ingmarso/,html,text/html; charset=UTF-8
https://stockholmarchipelagotrail.com/sv/news/sommaren-tiden-da-det-ar-som-mest-folk-i-skargarden/,html,text/html; charset=UTF-8
https://stockholmarchipelagotrail.com/sv/news/starten-av-var-forsta-sasong-pa-sat/,html,text/html; charset=UTF-8
https://stockholmarchipelagotrail.com/sv/news/stockholm-archipelago-trail-ar-invigd/,html,text/html; charset=UTF-8
https://stockholmarchipelagotrail.com/sv/news/allemansratten-en-skyldighet/,html,text/html; charset=UTF-8
https://stockholmarchipelagotrail.com/sv/news/hur-ar-stockholm-archipelago-trail-uppmarkt/,html,text/html; charset=UTF-8
https://stockholmarchipelagotrail.com/sv/news/forhandsvisning-stockholm-archipelago-trail/,html,text/html; charset=UTF-8
https://stockholmarchipelagotrail.com/sv/section/etapp-arholma/steg-for-steg-vandringsbeskrivning-arholma/,html,text/html; charset=UTF-8
https://stockholmarchipelagotrail.com/sv/section/etapp-grinda/steg-for-steg-vandringsbeskrivning-etapp-grinda/,html,text/html; charset=UTF-8
https://stockholmarchipelagotrail.com/sv/section/etapp-landsort/steg-for-steg-vandringsbeskrivning-etapp-landsort/,html,text/html; charset=UTF-8
https://stockholmarchipelagotrail.com/sv/section/etapp-runmaro/steg-for-steg-vandringsbeskrivning-etapp-runmaro/,html,text/html; charset=UTF-8
https://stockholmarchipelagotrail.com/sv/section/etapp-lido/steg-for-steg-vandringsbeskrivning-etapp-lido/,html,text/html; charset=UTF-8
https://stockholmarchipelagotrail.com/sv/section/etapp-finnhamn/steg-for-steg-vandringsbeskrivning-etapp-finnhamn/,html,text/html; charset=UTF-8
https://stockholmarchipelagotrail.com/sv/section/etapp-ingmarso/steg-for-steg-vandringsbeskrivning-etapp-ingmarso/,html,text/html; charset=UTF-8
https://stockholmarchipelagotrail.com/sv/section/etapp-brotto/steg-for-steg-vandringsbeskrivning-etapp-brotto/,html,text/html; charset=UTF-8
https://stockholmarchipelagotrail.com/sv/section/etapp-svartso/steg-for-steg-vandringsbeskrivning-etapp-svartso/,html,text/html; charset=UTF-8
https://stockholmarchipelagotrail.com/sv/section/etapp-moja/steg-for-steg-vandringsbeskrivning-for-etapp-moja/,html,text/html; charset=UTF-8
https://stockholmarchipelagotrail.com/sv/section/etapp-sandhamn/steg-for-steg-vandringsguide-for-etapp-sandhamn/,html,text/html; charset=UTF-8
https://stockholmarchipelagotrail.com/sv/section/etapp-namdo/steg-for-steg-vandringsguide-for-etapp-namdo/,html,text/html; charset=UTF-8
https://stockholmarchipelagotrail.com/sv/section/etapp-orno/steg-for-steg-vandringsbeskrivning-etapp-orno/,html,text/html; charset=UTF-8
https://stockholmarchipelagotrail.com/sv/section/etapp-fjardlang/steg-for-steg-vandringsbeskrivning-etapp-fjardlang/,html,text/html; charset=UTF-8
https://stockholmarchipelagotrail.com/sv/section/etapp-uto-sv/steg-for-steg/,html,text/html; charset=UTF-8
https://stockholmarchipelagotrail.com/sv/section/etapp-alo/steg-for-steg-vandringsbeskrivning-etapp-alo/,html,text/html; charset=UTF-8
https://stockholmarchipelagotrail.com/sv/section/etapp-rano/steg-for-steg-etapp-rano/,html,text/html; charset=UTF-8
https://stockholmarchipelagotrail.com/sv/section/etapp-nattaro/steg-for-steg-etapp-nattaro/,html,text/html; charset=UTF-8
