Namn,Alternativt namn,BBR-ID,RAÄ-UUID,Objekttyp,Kommun,Län,Skyddstyp,Wikidata-sökning
Uthus,,B2025:58185,007fe611-f5c7-4130-8361-3600837ca3dc,Byggnad,Nynäshamn,Stockholm,Statligt byggnadsminne,https://www.wikidata.org/wiki/Special:Search?search=haswbstatement:P1260=raa/bbr/B2025:58185
Befästningsverk,,B2025:58160,01453c99-c9b1-4c85-8f4c-dbb6d2714ae0,Byggnad,Nynäshamn,Stockholm,Identifierat kulturvärde,https://www.wikidata.org/wiki/Special:Search?search=haswbstatement:P1260=raa/bbr/B2025:58160
Sandhamns varv,,B2025:50011,018719a6-eca4-43aa-be95-7a666ea0b271,Byggnad,Värmdö,Stockholm,Identifierat kulturvärde,https://www.wikidata.org/wiki/Special:Search?search=haswbstatement:P1260=raa/bbr/B2025:50011
Seglarstaden,,B2025:50077,01c66bb2-d8f7-49a3-abf1-534efcbe1937,Byggnad,Värmdö,Stockholm,Identifierat kulturvärde,https://www.wikidata.org/wiki/Special:Search?search=haswbstatement:P1260=raa/bbr/B2025:50077
,,B2025:49913,01c9dac8-b6e2-4db3-aae0-3ce60c1b2f1d,Byggnad,Värmdö,Stockholm,Identifierat kulturvärde,https://www.wikidata.org/wiki/Special:Search?search=haswbstatement:P1260=raa/bbr/B2025:49913
Arbetarbostad,,B2025:9424,020afda6-43cd-4b83-b8a9-db577343a412,Byggnad,Haninge,Stockholm,Byggnadsminne,https://www.wikidata.org/wiki/Special:Search?search=haswbstatement:P1260=raa/bbr/B2025:9424
,,B2025:49958,03dd5afe-b13c-49a1-a4c0-ce7cb8a42f65,Byggnad,Värmdö,Stockholm,Identifierat kulturvärde,https://www.wikidata.org/wiki/Special:Search?search=haswbstatement:P1260=raa/bbr/B2025:49958
Fyrmästarbostad,,B2025:58183,03eb1356-e6f4-4d34-b429-3097772831e7,Byggnad,Nynäshamn,Stockholm,Statligt byggnadsminne,https://www.wikidata.org/wiki/Special:Search?search=haswbstatement:P1260=raa/bbr/B2025:58183
Arbetarbostad,,B2025:9420,03f0b476-6622-4d5b-b1f0-3a168d7f196c,Byggnad,Haninge,Stockholm,Byggnadsminne,https://www.wikidata.org/wiki/Special:Search?search=haswbstatement:P1260=raa/bbr/B2025:9420
,,B2025:49926,03f1061b-5989-424f-832d-135c74df4802,Byggnad,Värmdö,Stockholm,Identifierat kulturvärde,https://www.wikidata.org/wiki/Special:Search?search=haswbstatement:P1260=raa/bbr/B2025:49926
Klockstapel,,B2025:59287,047e390f-a9c9-454a-936c-a54287480f46,Anläggning,Värmdö,Stockholm,Kyrkligt kulturminne,https://www.wikidata.org/wiki/Special:Search?search=haswbstatement:P1260=raa/bbr/B2025:59287
,,B2025:50051,04d66cb9-a021-40db-b4fe-e9d563e3a69d,Byggnad,Värmdö,Stockholm,Identifierat kulturvärde,https://www.wikidata.org/wiki/Special:Search?search=haswbstatement:P1260=raa/bbr/B2025:50051
,,B2025:49922,04ef5f2d-7278-471d-b2f8-489bc84bfd3b,Byggnad,Värmdö,Stockholm,Identifierat kulturvärde,https://www.wikidata.org/wiki/Special:Search?search=haswbstatement:P1260=raa/bbr/B2025:49922
,,B2025:49730,081c6d91-7508-43bc-9969-ea965c48d06b,Byggnad,Värmdö,Stockholm,Identifierat kulturvärde,https://www.wikidata.org/wiki/Special:Search?search=haswbstatement:P1260=raa/bbr/B2025:49730
,,B2025:49976,087925a5-80ce-4cb4-a446-cb98397fe419,Byggnad,Värmdö,Stockholm,Identifierat kulturvärde,https://www.wikidata.org/wiki/Special:Search?search=haswbstatement:P1260=raa/bbr/B2025:49976
Seglarstaden,,B2025:50076,08c5cbd6-4892-4d46-bb96-4daf2728e475,Byggnad,Värmdö,Stockholm,Identifierat kulturvärde,https://www.wikidata.org/wiki/Special:Search?search=haswbstatement:P1260=raa/bbr/B2025:50076
,,B2025:50052,09776ea2-5f78-49a9-a596-d80cfc41d2aa,Byggnad,Värmdö,Stockholm,Identifierat kulturvärde,https://www.wikidata.org/wiki/Special:Search?search=haswbstatement:P1260=raa/bbr/B2025:50052
Seglarstaden,,B2025:50085,0be60d4a-4afc-49b0-b332-8cd36a303b3a,Byggnad,Värmdö,Stockholm,Identifierat kulturvärde,https://www.wikidata.org/wiki/Special:Search?search=haswbstatement:P1260=raa/bbr/B2025:50085
Fyrvaktarbostad,,B2025:58184,0c0919a3-75cc-4252-a94a-09e2b9ae030b,Byggnad,Nynäshamn,Stockholm,Statligt byggnadsminne,https://www.wikidata.org/wiki/Special:Search?search=haswbstatement:P1260=raa/bbr/B2025:58184
,,B2025:49969,0c34d0cf-ebd3-4293-a0d2-efb3d050ec75,Byggnad,Värmdö,Stockholm,Identifierat kulturvärde,https://www.wikidata.org/wiki/Special:Search?search=haswbstatement:P1260=raa/bbr/B2025:49969
,,B2025:49719,0c9e7732-4c11-4f2a-ab07-08b18be17fea,Byggnad,Värmdö,Stockholm,Identifierat kulturvärde,https://www.wikidata.org/wiki/Special:Search?search=haswbstatement:P1260=raa/bbr/B2025:49719
,,B2025:49520,0cc82ee9-d0aa-47f9-ad99-c42030405de6,Byggnad,Värmdö,Stockholm,Identifierat kulturvärde,https://www.wikidata.org/wiki/Special:Search?search=haswbstatement:P1260=raa/bbr/B2025:49520
,,B2025:49937,0d685fc2-9f9a-4d15-8f7e-17202fbb4397,Byggnad,Värmdö,Stockholm,Identifierat kulturvärde,https://www.wikidata.org/wiki/Special:Search?search=haswbstatement:P1260=raa/bbr/B2025:49937
,,B2025:49876,0f1bdfe1-432e-44b9-9d8a-9282bd4c594a,Byggnad,Värmdö,Stockholm,Identifierat kulturvärde,https://www.wikidata.org/wiki/Special:Search?search=haswbstatement:P1260=raa/bbr/B2025:49876
,,B2025:49586,0f2d5009-274c-478f-85a8-280a2ff8beb0,Byggnad,Värmdö,Stockholm,Identifierat kulturvärde,https://www.wikidata.org/wiki/Special:Search?search=haswbstatement:P1260=raa/bbr/B2025:49586
,,B2025:49917,0f32b5b0-7ec6-4d7d-8b25-8541f27b3702,Byggnad,Värmdö,Stockholm,Identifierat kulturvärde,https://www.wikidata.org/wiki/Special:Search?search=haswbstatement:P1260=raa/bbr/B2025:49917
,,B2025:49583,0f65ac99-9a87-4e01-806f-e59c470811e3,Byggnad,Värmdö,Stockholm,Identifierat kulturvärde,https://www.wikidata.org/wiki/Special:Search?search=haswbstatement:P1260=raa/bbr/B2025:49583
Seglarstaden,,B2025:50083,0faa66a7-9926-4439-ac77-4a55dc67a297,Byggnad,Värmdö,Stockholm,Identifierat kulturvärde,https://www.wikidata.org/wiki/Special:Search?search=haswbstatement:P1260=raa/bbr/B2025:50083
,,B2025:49874,0fc8b98a-bd28-45c4-89e7-1d42b31590a0,Byggnad,Värmdö,Stockholm,Identifierat kulturvärde,https://www.wikidata.org/wiki/Special:Search?search=haswbstatement:P1260=raa/bbr/B2025:49874
,,B2025:49968,0fe0c1c2-8890-472d-83aa-db7485afbb0c,Byggnad,Värmdö,Stockholm,Identifierat kulturvärde,https://www.wikidata.org/wiki/Special:Search?search=haswbstatement:P1260=raa/bbr/B2025:49968
,,B2025:49701,116eb1d1-2230-4dc2-9bc2-f11fd0536ee4,Byggnad,Värmdö,Stockholm,Identifierat kulturvärde,https://www.wikidata.org/wiki/Special:Search?search=haswbstatement:P1260=raa/bbr/B2025:49701
Seglarstaden,,B2025:50072,117b1917-3196-4333-884a-c65f8e769149,Byggnad,Värmdö,Stockholm,Identifierat kulturvärde,https://www.wikidata.org/wiki/Special:Search?search=haswbstatement:P1260=raa/bbr/B2025:50072
,,B2025:49589,11912242-21df-4d23-8e6d-f371e9082fee,Byggnad,Värmdö,Stockholm,Identifierat kulturvärde,https://www.wikidata.org/wiki/Special:Search?search=haswbstatement:P1260=raa/bbr/B2025:49589
,,B2025:58150,11965a0b-ebd6-423c-b4d7-bd017d4ae48e,Byggnad,Nynäshamn,Stockholm,Identifierat kulturvärde,https://www.wikidata.org/wiki/Special:Search?search=haswbstatement:P1260=raa/bbr/B2025:58150
,,B2025:50049,127b16db-c519-4597-a3da-71551815c6ff,Byggnad,Värmdö,Stockholm,Identifierat kulturvärde,https://www.wikidata.org/wiki/Special:Search?search=haswbstatement:P1260=raa/bbr/B2025:50049
,,B2025:49885,1430f451-3c90-4386-90f5-2fae28961938,Byggnad,Värmdö,Stockholm,Identifierat kulturvärde,https://www.wikidata.org/wiki/Special:Search?search=haswbstatement:P1260=raa/bbr/B2025:49885
Utö kvarn,,B2025:9430,14b82fb9-21e6-43c6-b964-383a057e7b14,Byggnad,Haninge,Stockholm,Byggnadsminne,https://www.wikidata.org/wiki/Special:Search?search=haswbstatement:P1260=raa/bbr/B2025:9430
,,B2025:49544,15102684-1d64-4762-8915-d13f04f434c0,Byggnad,Värmdö,Stockholm,Identifierat kulturvärde,https://www.wikidata.org/wiki/Special:Search?search=haswbstatement:P1260=raa/bbr/B2025:49544
,,B2025:49910,1545f861-63a5-472b-9ae6-9677f2b0e9b2,Byggnad,Värmdö,Stockholm,Identifierat kulturvärde,https://www.wikidata.org/wiki/Special:Search?search=haswbstatement:P1260=raa/bbr/B2025:49910
Kulsprutevärn,,B2025:58154,16918f1c-f0f3-42fd-8b5c-daeb44530746,Byggnad,Nynäshamn,Stockholm,Statligt byggnadsminne,https://www.wikidata.org/wiki/Special:Search?search=haswbstatement:P1260=raa/bbr/B2025:58154
,,B2025:50107,1717839e-6119-4457-aa5b-01ea6a251711,Byggnad,Värmdö,Stockholm,Identifierat kulturvärde,https://www.wikidata.org/wiki/Special:Search?search=haswbstatement:P1260=raa/bbr/B2025:50107
,,B2025:49546,17b7a46a-0f57-4825-aa07-a1d81dbef675,Byggnad,Värmdö,Stockholm,Identifierat kulturvärde,https://www.wikidata.org/wiki/Special:Search?search=haswbstatement:P1260=raa/bbr/B2025:49546
,,B2025:49879,18331665-0956-449e-a7d7-d006a0522cf9,Byggnad,Värmdö,Stockholm,Identifierat kulturvärde,https://www.wikidata.org/wiki/Special:Search?search=haswbstatement:P1260=raa/bbr/B2025:49879
,,B2025:49536,18f4ac1b-ac03-48eb-9c28-52ca6fd5d52a,Byggnad,Värmdö,Stockholm,Identifierat kulturvärde,https://www.wikidata.org/wiki/Special:Search?search=haswbstatement:P1260=raa/bbr/B2025:49536
,,B2025:49558,190af57d-977d-49c3-9454-32418738c06a,Byggnad,Värmdö,Stockholm,Identifierat kulturvärde,https://www.wikidata.org/wiki/Special:Search?search=haswbstatement:P1260=raa/bbr/B2025:49558
,,B2025:49751,1a48c5d1-0a5a-418b-94c1-455555b0626f,Byggnad,Värmdö,Stockholm,Identifierat kulturvärde,https://www.wikidata.org/wiki/Special:Search?search=haswbstatement:P1260=raa/bbr/B2025:49751
,,B2025:49540,1a6303c3-6cc4-4fb7-81ef-9515e0c0282f,Byggnad,Värmdö,Stockholm,Identifierat kulturvärde,https://www.wikidata.org/wiki/Special:Search?search=haswbstatement:P1260=raa/bbr/B2025:49540
Sandhamns fyr,,B2025:25033,1b214cf8-3aad-47c6-a991-7bde6527d752,Anläggning,Värmdö,Stockholm,Identifierat kulturvärde,https://www.wikidata.org/wiki/Special:Search?search=haswbstatement:P1260=raa/bbr/B2025:25033
,,B2025:49533,1ca67d99-6b55-4e33-a651-18c69eef5a54,Byggnad,Värmdö,Stockholm,Identifierat kulturvärde,https://www.wikidata.org/wiki/Special:Search?search=haswbstatement:P1260=raa/bbr/B2025:49533
,,B2025:49882,1d638d0c-f716-4f06-ab49-d2dfe131d009,Byggnad,Värmdö,Stockholm,Identifierat kulturvärde,https://www.wikidata.org/wiki/Special:Search?search=haswbstatement:P1260=raa/bbr/B2025:49882
,,B2025:49914,1de5b09e-aab4-442b-8acf-733fff5a701c,Byggnad,Värmdö,Stockholm,Identifierat kulturvärde,https://www.wikidata.org/wiki/Special:Search?search=haswbstatement:P1260=raa/bbr/B2025:49914
Granatkastarvärn,,B2025:58193,1dfc255e-4aba-4251-9b32-0adbdd0c8538,Byggnad,Nynäshamn,Stockholm,Statligt byggnadsminne,https://www.wikidata.org/wiki/Special:Search?search=haswbstatement:P1260=raa/bbr/B2025:58193
,,B2025:49946,1e411ea1-bb47-46b8-bcf3-e86aed80b9c9,Byggnad,Värmdö,Stockholm,Identifierat kulturvärde,https://www.wikidata.org/wiki/Special:Search?search=haswbstatement:P1260=raa/bbr/B2025:49946
,,B2025:50024,1e4b0abd-bec5-49cc-ae26-d16bfd40c417,Byggnad,Värmdö,Stockholm,Identifierat kulturvärde,https://www.wikidata.org/wiki/Special:Search?search=haswbstatement:P1260=raa/bbr/B2025:50024
,,B2025:49527,1e62a7ec-d651-4d45-8133-1415d20e8811,Byggnad,Värmdö,Stockholm,Identifierat kulturvärde,https://www.wikidata.org/wiki/Special:Search?search=haswbstatement:P1260=raa/bbr/B2025:49527
Seglarstaden,,B2025:50078,1ece2ec5-3d6b-4a72-b1f9-ad8986d80cdc,Byggnad,Värmdö,Stockholm,Identifierat kulturvärde,https://www.wikidata.org/wiki/Special:Search?search=haswbstatement:P1260=raa/bbr/B2025:50078
Seglarstaden,,B2025:50092,1fa63c1e-6367-4cba-bf8b-5048a57ca862,Byggnad,Värmdö,Stockholm,Identifierat kulturvärde,https://www.wikidata.org/wiki/Special:Search?search=haswbstatement:P1260=raa/bbr/B2025:50092
,,B2025:49990,1ff95f79-7048-4353-9322-5a358527e377,Byggnad,Värmdö,Stockholm,Identifierat kulturvärde,https://www.wikidata.org/wiki/Special:Search?search=haswbstatement:P1260=raa/bbr/B2025:49990
,,B2025:49519,20b0ddd3-fd59-4e52-9969-aee09c7d35eb,Byggnad,Värmdö,Stockholm,Identifierat kulturvärde,https://www.wikidata.org/wiki/Special:Search?search=haswbstatement:P1260=raa/bbr/B2025:49519
,,B2025:50003,20b4f87f-460e-46f4-a80e-d2b7e0d40fa8,Byggnad,Värmdö,Stockholm,Identifierat kulturvärde,https://www.wikidata.org/wiki/Special:Search?search=haswbstatement:P1260=raa/bbr/B2025:50003
,,B2025:49931,2149ba96-ac6f-4841-9a51-133956b2cf29,Byggnad,Värmdö,Stockholm,Identifierat kulturvärde,https://www.wikidata.org/wiki/Special:Search?search=haswbstatement:P1260=raa/bbr/B2025:49931
,,B2025:49559,216fe6ee-7d05-482d-8464-db186da8d6fc,Byggnad,Värmdö,Stockholm,Identifierat kulturvärde,https://www.wikidata.org/wiki/Special:Search?search=haswbstatement:P1260=raa/bbr/B2025:49559
,,B2025:84827,21a0b9c9-ad98-45c0-9d3a-3da1c393f1f2,Område,Norrtälje,Stockholm,Identifierat kulturvärde,https://www.wikidata.org/wiki/Special:Search?search=haswbstatement:P1260=raa/bbr/B2025:84827
,,B2025:58152,222afb01-b0d5-495a-946b-d38f3d3681d9,Byggnad,Nynäshamn,Stockholm,Identifierat kulturvärde,https://www.wikidata.org/wiki/Special:Search?search=haswbstatement:P1260=raa/bbr/B2025:58152
,,B2025:49810,22c136f4-e481-488f-82bd-0abafe40fb3a,Byggnad,Värmdö,Stockholm,Identifierat kulturvärde,https://www.wikidata.org/wiki/Special:Search?search=haswbstatement:P1260=raa/bbr/B2025:49810
,,B2025:50048,2439d1b4-5b70-496e-a129-a64df64d9c7a,Byggnad,Värmdö,Stockholm,Identifierat kulturvärde,https://www.wikidata.org/wiki/Special:Search?search=haswbstatement:P1260=raa/bbr/B2025:50048
Seglarstaden,,B2025:50087,246f7b82-094e-4137-9813-097d17f2167d,Byggnad,Värmdö,Stockholm,Identifierat kulturvärde,https://www.wikidata.org/wiki/Special:Search?search=haswbstatement:P1260=raa/bbr/B2025:50087
,,B2025:50056,2481cd6a-a0e2-4271-aef0-968c4affccea,Byggnad,Värmdö,Stockholm,Identifierat kulturvärde,https://www.wikidata.org/wiki/Special:Search?search=haswbstatement:P1260=raa/bbr/B2025:50056
,,B2025:49900,24b3b7b0-faec-41fd-a47a-e969f33e1e20,Byggnad,Värmdö,Stockholm,Identifierat kulturvärde,https://www.wikidata.org/wiki/Special:Search?search=haswbstatement:P1260=raa/bbr/B2025:49900
,,B2025:49889,24b3d1d6-37ec-44e7-a6d5-d1eb82aa60a9,Byggnad,Värmdö,Stockholm,Identifierat kulturvärde,https://www.wikidata.org/wiki/Special:Search?search=haswbstatement:P1260=raa/bbr/B2025:49889
,,B2025:49916,26086ff3-0dff-4d31-824c-b2846e3b402c,Byggnad,Värmdö,Stockholm,Identifierat kulturvärde,https://www.wikidata.org/wiki/Special:Search?search=haswbstatement:P1260=raa/bbr/B2025:49916
,,B2025:49690,264d4f5b-503a-402f-aeea-77e58462828c,Byggnad,Värmdö,Stockholm,Identifierat kulturvärde,https://www.wikidata.org/wiki/Special:Search?search=haswbstatement:P1260=raa/bbr/B2025:49690
,,B2025:49555,26583721-1899-4016-a172-0fd8ba62a49e,Byggnad,Värmdö,Stockholm,Identifierat kulturvärde,https://www.wikidata.org/wiki/Special:Search?search=haswbstatement:P1260=raa/bbr/B2025:49555
Strindbergsgården,,B2025:49888,26f19191-6844-4bce-83cf-ad02420c6bcb,Byggnad,Värmdö,Stockholm,Identifierat kulturvärde,https://www.wikidata.org/wiki/Special:Search?search=haswbstatement:P1260=raa/bbr/B2025:49888
,,B2025:49543,283a8f9f-581f-4f88-944f-3ad78f67fdca,Byggnad,Värmdö,Stockholm,Identifierat kulturvärde,https://www.wikidata.org/wiki/Special:Search?search=haswbstatement:P1260=raa/bbr/B2025:49543
,,B2025:49932,28a1c5c9-cf3f-4930-856c-9e7f43619a29,Byggnad,Värmdö,Stockholm,Identifierat kulturvärde,https://www.wikidata.org/wiki/Special:Search?search=haswbstatement:P1260=raa/bbr/B2025:49932
,,B2025:49492,2983207d-5ec4-48dc-8e15-b563d5e01e0c,Byggnad,Värmdö,Stockholm,Identifierat kulturvärde,https://www.wikidata.org/wiki/Special:Search?search=haswbstatement:P1260=raa/bbr/B2025:49492
,,B2025:50016,2a1834ff-eb11-4fdb-a01e-1c443a9861bc,Byggnad,Värmdö,Stockholm,Identifierat kulturvärde,https://www.wikidata.org/wiki/Special:Search?search=haswbstatement:P1260=raa/bbr/B2025:50016
,,B2025:49684,2a6cdbd5-3060-406c-87f1-b129639b87d8,Byggnad,Värmdö,Stockholm,Identifierat kulturvärde,https://www.wikidata.org/wiki/Special:Search?search=haswbstatement:P1260=raa/bbr/B2025:49684
,,B2025:49696,2a9641aa-f8c7-46bc-8135-b31ec8bd737d,Byggnad,Värmdö,Stockholm,Identifierat kulturvärde,https://www.wikidata.org/wiki/Special:Search?search=haswbstatement:P1260=raa/bbr/B2025:49696
"Landsorts Kapell, klockstapel",,B2025:12466,2a9dd009-f44d-4edf-af60-5307cd3b1758,Anläggning,Nynäshamn,Stockholm,Identifierat kulturvärde,https://www.wikidata.org/wiki/Special:Search?search=haswbstatement:P1260=raa/bbr/B2025:12466
,,B2025:49920,2aa3f798-86a2-49af-a189-eb04c06b4538,Byggnad,Värmdö,Stockholm,Identifierat kulturvärde,https://www.wikidata.org/wiki/Special:Search?search=haswbstatement:P1260=raa/bbr/B2025:49920
Sandhamns kapell,,B2025:50100,2adb8299-3b18-44c9-ac38-12913844f9e2,Byggnad,Värmdö,Stockholm,Identifierat kulturvärde,https://www.wikidata.org/wiki/Special:Search?search=haswbstatement:P1260=raa/bbr/B2025:50100
,,B2025:49924,2ba51053-70ff-4aef-a655-8e8c966532af,Byggnad,Värmdö,Stockholm,Identifierat kulturvärde,https://www.wikidata.org/wiki/Special:Search?search=haswbstatement:P1260=raa/bbr/B2025:49924
,,B2025:49579,2bb22950-f888-4516-8453-a2bfb46bb3cd,Byggnad,Värmdö,Stockholm,Identifierat kulturvärde,https://www.wikidata.org/wiki/Special:Search?search=haswbstatement:P1260=raa/bbr/B2025:49579
,,B2025:49573,2bbf199d-2565-4238-bcb6-12af72f00e38,Byggnad,Värmdö,Stockholm,Identifierat kulturvärde,https://www.wikidata.org/wiki/Special:Search?search=haswbstatement:P1260=raa/bbr/B2025:49573
Sjömålspjäs,,B2025:58148,2be71e51-7fab-4491-b289-fb7e32131121,Byggnad,Nynäshamn,Stockholm,Statligt byggnadsminne,https://www.wikidata.org/wiki/Special:Search?search=haswbstatement:P1260=raa/bbr/B2025:58148
,,B2025:49973,2c3904b5-6cae-4970-93d3-bd76c21d8d0f,Byggnad,Värmdö,Stockholm,Identifierat kulturvärde,https://www.wikidata.org/wiki/Special:Search?search=haswbstatement:P1260=raa/bbr/B2025:49973
,,B2025:49898,2cc31841-7bd0-4498-b253-6a6bc478ae0b,Byggnad,Värmdö,Stockholm,Identifierat kulturvärde,https://www.wikidata.org/wiki/Special:Search?search=haswbstatement:P1260=raa/bbr/B2025:49898
,,B2025:49884,2d3cccbd-e950-4025-810f-7215aedf7acd,Byggnad,Värmdö,Stockholm,Identifierat kulturvärde,https://www.wikidata.org/wiki/Special:Search?search=haswbstatement:P1260=raa/bbr/B2025:49884
,,B2025:49952,2da33e53-bcfe-497c-94d2-245b5918976e,Byggnad,Värmdö,Stockholm,Identifierat kulturvärde,https://www.wikidata.org/wiki/Special:Search?search=haswbstatement:P1260=raa/bbr/B2025:49952
,,B2025:49957,2e31c6f1-2520-4bd7-a530-82de25be7a6b,Byggnad,Värmdö,Stockholm,Identifierat kulturvärde,https://www.wikidata.org/wiki/Special:Search?search=haswbstatement:P1260=raa/bbr/B2025:49957
,,B2025:49923,2e9d941a-293d-4a7c-813b-2c9a6da46716,Byggnad,Värmdö,Stockholm,Identifierat kulturvärde,https://www.wikidata.org/wiki/Special:Search?search=haswbstatement:P1260=raa/bbr/B2025:49923
,,B2025:58155,2f5aa963-344b-45f7-a264-b0096e514ef8,Byggnad,Nynäshamn,Stockholm,Identifierat kulturvärde,https://www.wikidata.org/wiki/Special:Search?search=haswbstatement:P1260=raa/bbr/B2025:58155
,,B2025:49978,2ff49382-e701-4e6a-ab35-7569b8a8e851,Byggnad,Värmdö,Stockholm,Identifierat kulturvärde,https://www.wikidata.org/wiki/Special:Search?search=haswbstatement:P1260=raa/bbr/B2025:49978
,,B2025:49550,304db2f5-4fdf-4add-b420-68532aaf89c2,Byggnad,Värmdö,Stockholm,Identifierat kulturvärde,https://www.wikidata.org/wiki/Special:Search?search=haswbstatement:P1260=raa/bbr/B2025:49550
,,B2025:49528,30b6d439-7ab3-4b1b-9b85-753ccd62fb9f,Byggnad,Värmdö,Stockholm,Identifierat kulturvärde,https://www.wikidata.org/wiki/Special:Search?search=haswbstatement:P1260=raa/bbr/B2025:49528
,,B2025:49896,3148ed96-3b75-4209-87c4-62b3da26ef26,Byggnad,Värmdö,Stockholm,Identifierat kulturvärde,https://www.wikidata.org/wiki/Special:Search?search=haswbstatement:P1260=raa/bbr/B2025:49896
,,B2025:50061,31798457-4477-4d4b-ae40-b5ce7495ab37,Byggnad,Värmdö,Stockholm,Identifierat kulturvärde,https://www.wikidata.org/wiki/Special:Search?search=haswbstatement:P1260=raa/bbr/B2025:50061
,,B2025:49572,318f3659-7c3d-4777-9e97-cc35369bfe7c,Byggnad,Värmdö,Stockholm,Identifierat kulturvärde,https://www.wikidata.org/wiki/Special:Search?search=haswbstatement:P1260=raa/bbr/B2025:49572
,,B2025:49812,328308c2-f151-4aef-a773-edc316ebdbcc,Byggnad,Värmdö,Stockholm,Identifierat kulturvärde,https://www.wikidata.org/wiki/Special:Search?search=haswbstatement:P1260=raa/bbr/B2025:49812
Seglarstaden,,B2025:50086,34190c81-1fb6-4679-96ac-ee5786008b70,Byggnad,Värmdö,Stockholm,Identifierat kulturvärde,https://www.wikidata.org/wiki/Special:Search?search=haswbstatement:P1260=raa/bbr/B2025:50086
,,B2025:49721,3424550f-b045-4d36-ad49-fd57c65a3d11,Byggnad,Värmdö,Stockholm,Identifierat kulturvärde,https://www.wikidata.org/wiki/Special:Search?search=haswbstatement:P1260=raa/bbr/B2025:49721
Landsorts fyr,,B2025:25018,34eababc-a7f8-4ea0-ad59-02e0fe12f6c2,Byggnad,Nynäshamn,Stockholm,Statligt byggnadsminne,https://www.wikidata.org/wiki/Special:Search?search=haswbstatement:P1260=raa/bbr/B2025:25018
,,B2025:49581,34f4ff95-54e1-4000-9fea-bc396ec011ac,Byggnad,Värmdö,Stockholm,Identifierat kulturvärde,https://www.wikidata.org/wiki/Special:Search?search=haswbstatement:P1260=raa/bbr/B2025:49581
,,B2025:58151,35b3caea-7aaf-4961-bbb1-be9b31b603e5,Byggnad,Nynäshamn,Stockholm,Identifierat kulturvärde,https://www.wikidata.org/wiki/Special:Search?search=haswbstatement:P1260=raa/bbr/B2025:58151
,,B2025:49547,3634bfd0-6fdb-4ddd-9c4e-96488cac949c,Byggnad,Värmdö,Stockholm,Identifierat kulturvärde,https://www.wikidata.org/wiki/Special:Search?search=haswbstatement:P1260=raa/bbr/B2025:49547
,,B2025:50057,36fa2c9b-084d-48a5-ab6a-376478228280,Byggnad,Värmdö,Stockholm,Identifierat kulturvärde,https://www.wikidata.org/wiki/Special:Search?search=haswbstatement:P1260=raa/bbr/B2025:50057
,,B2025:49955,37566de9-3d1b-46b1-a98b-486a1d5c48be,Byggnad,Värmdö,Stockholm,Identifierat kulturvärde,https://www.wikidata.org/wiki/Special:Search?search=haswbstatement:P1260=raa/bbr/B2025:49955
,,B2025:49565,37d9b7c9-b7e8-4dfe-a497-d612816072c6,Byggnad,Värmdö,Stockholm,Identifierat kulturvärde,https://www.wikidata.org/wiki/Special:Search?search=haswbstatement:P1260=raa/bbr/B2025:49565
Träskö kvarn,,B2025:49575,38674995-ef87-47b9-b5ce-7cd962a22540,Byggnad,Värmdö,Stockholm,Identifierat kulturvärde,https://www.wikidata.org/wiki/Special:Search?search=haswbstatement:P1260=raa/bbr/B2025:49575
,,B2025:49563,398a24ae-a524-40c6-bdba-bfbd228d738c,Byggnad,Värmdö,Stockholm,Identifierat kulturvärde,https://www.wikidata.org/wiki/Special:Search?search=haswbstatement:P1260=raa/bbr/B2025:49563
,,B2025:50065,3a03a41c-33a5-477c-98f4-b5e7abcc0bb9,Byggnad,Värmdö,Stockholm,Identifierat kulturvärde,https://www.wikidata.org/wiki/Special:Search?search=haswbstatement:P1260=raa/bbr/B2025:50065
,,B2025:49697,3aab0b6c-813b-49d9-820d-57212411c3d1,Byggnad,Värmdö,Stockholm,Identifierat kulturvärde,https://www.wikidata.org/wiki/Special:Search?search=haswbstatement:P1260=raa/bbr/B2025:49697
,,B2025:58147,3b9f5ebc-f3b7-4917-8ffc-0d283927b4ba,Byggnad,Nynäshamn,Stockholm,Identifierat kulturvärde,https://www.wikidata.org/wiki/Special:Search?search=haswbstatement:P1260=raa/bbr/B2025:58147
,,B2025:49578,3c7e8d86-8160-473b-9b36-74293b0c28b0,Byggnad,Värmdö,Stockholm,Identifierat kulturvärde,https://www.wikidata.org/wiki/Special:Search?search=haswbstatement:P1260=raa/bbr/B2025:49578
,,B2025:49530,3c81adc3-dc44-46b6-90a2-caa2a02f18be,Byggnad,Värmdö,Stockholm,Identifierat kulturvärde,https://www.wikidata.org/wiki/Special:Search?search=haswbstatement:P1260=raa/bbr/B2025:49530
,,B2025:50104,3dcf2d1a-3d91-4091-850a-2617b434540a,Byggnad,Värmdö,Stockholm,Identifierat kulturvärde,https://www.wikidata.org/wiki/Special:Search?search=haswbstatement:P1260=raa/bbr/B2025:50104
,,B2025:49949,3e48701e-2bd5-4f87-9d2e-1dcffec318fa,Byggnad,Värmdö,Stockholm,Identifierat kulturvärde,https://www.wikidata.org/wiki/Special:Search?search=haswbstatement:P1260=raa/bbr/B2025:49949
,,B2025:49919,3f1ba2f9-3b4e-45c7-a28b-5a1995648737,Byggnad,Värmdö,Stockholm,Identifierat kulturvärde,https://www.wikidata.org/wiki/Special:Search?search=haswbstatement:P1260=raa/bbr/B2025:49919
,,B2025:49895,3f2366e3-1c46-470e-8baf-73ffe7b1d631,Byggnad,Värmdö,Stockholm,Identifierat kulturvärde,https://www.wikidata.org/wiki/Special:Search?search=haswbstatement:P1260=raa/bbr/B2025:49895
Westerbergs livs,,B2025:49995,3f51cd10-312b-4627-979a-689a1e2d3777,Byggnad,Värmdö,Stockholm,Identifierat kulturvärde,https://www.wikidata.org/wiki/Special:Search?search=haswbstatement:P1260=raa/bbr/B2025:49995
,,B2025:49691,41254ec8-55ff-4e91-aa64-30be56004722,Byggnad,Värmdö,Stockholm,Identifierat kulturvärde,https://www.wikidata.org/wiki/Special:Search?search=haswbstatement:P1260=raa/bbr/B2025:49691
Sjöbergsgården,,B2025:49986,4152f282-2cfd-4c94-9b23-2cc2cf526838,Byggnad,Värmdö,Stockholm,Identifierat kulturvärde,https://www.wikidata.org/wiki/Special:Search?search=haswbstatement:P1260=raa/bbr/B2025:49986
,,B2025:50053,41629574-066e-4eba-82fc-a85dab4c65c4,Byggnad,Värmdö,Stockholm,Identifierat kulturvärde,https://www.wikidata.org/wiki/Special:Search?search=haswbstatement:P1260=raa/bbr/B2025:50053
,,B2025:49883,41631414-dc36-4705-a396-c70c64ad65ab,Byggnad,Värmdö,Stockholm,Identifierat kulturvärde,https://www.wikidata.org/wiki/Special:Search?search=haswbstatement:P1260=raa/bbr/B2025:49883
,,B2025:49692,41935852-22d2-4fb9-8c5a-a793d43c896e,Byggnad,Värmdö,Stockholm,Identifierat kulturvärde,https://www.wikidata.org/wiki/Special:Search?search=haswbstatement:P1260=raa/bbr/B2025:49692
Seglarstaden,,B2025:50089,41aface9-a06b-4f43-b520-672f5cbd6c7f,Byggnad,Värmdö,Stockholm,Identifierat kulturvärde,https://www.wikidata.org/wiki/Special:Search?search=haswbstatement:P1260=raa/bbr/B2025:50089
,,B2025:50013,41b3d919-1cd0-4286-807a-49a9a8a923f3,Byggnad,Värmdö,Stockholm,Identifierat kulturvärde,https://www.wikidata.org/wiki/Special:Search?search=haswbstatement:P1260=raa/bbr/B2025:50013
,,B2025:49960,41f04344-6691-4b9e-976b-8edd624ada1a,Byggnad,Värmdö,Stockholm,Identifierat kulturvärde,https://www.wikidata.org/wiki/Special:Search?search=haswbstatement:P1260=raa/bbr/B2025:49960
Granatkastarvärn,,B2025:58192,427cd30b-d498-4a2a-afd9-34fa134b0c29,Byggnad,Nynäshamn,Stockholm,Statligt byggnadsminne,https://www.wikidata.org/wiki/Special:Search?search=haswbstatement:P1260=raa/bbr/B2025:58192
,,B2025:49522,42b47ca2-42cd-4f91-810f-e553a2a160e8,Byggnad,Värmdö,Stockholm,Identifierat kulturvärde,https://www.wikidata.org/wiki/Special:Search?search=haswbstatement:P1260=raa/bbr/B2025:49522
,,B2025:50064,436860e0-c052-4170-b6b2-41192d6eabf9,Byggnad,Värmdö,Stockholm,Identifierat kulturvärde,https://www.wikidata.org/wiki/Special:Search?search=haswbstatement:P1260=raa/bbr/B2025:50064
,,B2025:49918,440e5700-46d0-4f1c-8377-3d41f6fad6c2,Byggnad,Värmdö,Stockholm,Identifierat kulturvärde,https://www.wikidata.org/wiki/Special:Search?search=haswbstatement:P1260=raa/bbr/B2025:49918
,,B2025:49933,445dd928-dd77-414f-bafd-d93e0984f977,Byggnad,Värmdö,Stockholm,Identifierat kulturvärde,https://www.wikidata.org/wiki/Special:Search?search=haswbstatement:P1260=raa/bbr/B2025:49933
Befästningsverk,,B2025:58144,45ccc54e-2a25-4595-819d-085ab127b826,Byggnad,Nynäshamn,Stockholm,Statligt byggnadsminne,https://www.wikidata.org/wiki/Special:Search?search=haswbstatement:P1260=raa/bbr/B2025:58144
,,B2025:50067,45ed6458-155b-449f-bfd6-71e0852a7d1d,Byggnad,Värmdö,Stockholm,Identifierat kulturvärde,https://www.wikidata.org/wiki/Special:Search?search=haswbstatement:P1260=raa/bbr/B2025:50067
,,B2025:49821,48055d99-c822-47ae-9005-d7df035718c5,Byggnad,Värmdö,Stockholm,Identifierat kulturvärde,https://www.wikidata.org/wiki/Special:Search?search=haswbstatement:P1260=raa/bbr/B2025:49821
,,B2025:58145,482ca500-5476-4b84-8a5a-da784cfaffa3,Byggnad,Nynäshamn,Stockholm,Identifierat kulturvärde,https://www.wikidata.org/wiki/Special:Search?search=haswbstatement:P1260=raa/bbr/B2025:58145
Svartsö skola,,B2025:49587,486dbec8-21dc-48db-928e-ad46bf663bfc,Byggnad,Värmdö,Stockholm,Identifierat kulturvärde,https://www.wikidata.org/wiki/Special:Search?search=haswbstatement:P1260=raa/bbr/B2025:49587
,,B2025:49989,48c97c1a-9943-4248-a85f-045e1c16bb3c,Byggnad,Värmdö,Stockholm,Identifierat kulturvärde,https://www.wikidata.org/wiki/Special:Search?search=haswbstatement:P1260=raa/bbr/B2025:49989
,,B2025:49551,490785ba-741c-4f4c-8a8f-cb4c7cb342f1,Byggnad,Värmdö,Stockholm,Identifierat kulturvärde,https://www.wikidata.org/wiki/Special:Search?search=haswbstatement:P1260=raa/bbr/B2025:49551
Seglarstaden,,B2025:50075,49c2af3f-6a3d-4542-bdc4-1fc225c5b612,Byggnad,Värmdö,Stockholm,Identifierat kulturvärde,https://www.wikidata.org/wiki/Special:Search?search=haswbstatement:P1260=raa/bbr/B2025:50075
Furusunds kvarn,,B2025:12255,4a688d3c-1a81-47fc-8889-13512fb4141a,Byggnad,Norrtälje,Stockholm,Byggnadsminne,https://www.wikidata.org/wiki/Special:Search?search=haswbstatement:P1260=raa/bbr/B2025:12255
,,B2025:49584,4a9c69ca-4a13-4e7e-810a-4054aee630ca,Byggnad,Värmdö,Stockholm,Identifierat kulturvärde,https://www.wikidata.org/wiki/Special:Search?search=haswbstatement:P1260=raa/bbr/B2025:49584
Sandhamns skola,,B2025:50060,4b8e184e-a82c-47d4-85b2-0bd704b16f75,Byggnad,Värmdö,Stockholm,Identifierat kulturvärde,https://www.wikidata.org/wiki/Special:Search?search=haswbstatement:P1260=raa/bbr/B2025:50060
Sandhamns värdshus,,B2025:50009,4ba50f61-7f2b-40bb-a43c-bb542c080cfd,Byggnad,Värmdö,Stockholm,Identifierat kulturvärde,https://www.wikidata.org/wiki/Special:Search?search=haswbstatement:P1260=raa/bbr/B2025:50009
,,B2025:49511,4de9d63f-5051-4e5c-a891-420cc9c1138c,Byggnad,Värmdö,Stockholm,Identifierat kulturvärde,https://www.wikidata.org/wiki/Special:Search?search=haswbstatement:P1260=raa/bbr/B2025:49511
,,B2025:49513,4f2c579c-3bb2-4679-a5ab-de6882cd9ddc,Byggnad,Värmdö,Stockholm,Identifierat kulturvärde,https://www.wikidata.org/wiki/Special:Search?search=haswbstatement:P1260=raa/bbr/B2025:49513
"Käringen, stångmärke",,B2025:25305,503c91ec-dbf8-4183-b4ba-1008b46feb53,Anläggning,Norrtälje,Stockholm,Identifierat kulturvärde,https://www.wikidata.org/wiki/Special:Search?search=haswbstatement:P1260=raa/bbr/B2025:25305
Bagarstuga,,B2025:58186,50b2227e-a336-4c3d-8cbb-4deedc89b671,Byggnad,Nynäshamn,Stockholm,Statligt byggnadsminne,https://www.wikidata.org/wiki/Special:Search?search=haswbstatement:P1260=raa/bbr/B2025:58186
Seglarstaden,,B2025:50071,51d9f061-84f8-4053-aa05-f65dc768aa55,Byggnad,Värmdö,Stockholm,Identifierat kulturvärde,https://www.wikidata.org/wiki/Special:Search?search=haswbstatement:P1260=raa/bbr/B2025:50071
Seglarstaden,,B2025:50096,522bac07-9946-401c-bc2f-f4f0ef5d0e9c,Byggnad,Värmdö,Stockholm,Identifierat kulturvärde,https://www.wikidata.org/wiki/Special:Search?search=haswbstatement:P1260=raa/bbr/B2025:50096
Arbetarbostad,,B2025:9427,5293a31f-1db7-44ec-b8d4-d50886891d13,Byggnad,Haninge,Stockholm,Byggnadsminne,https://www.wikidata.org/wiki/Special:Search?search=haswbstatement:P1260=raa/bbr/B2025:9427
,,B2025:49564,538376d3-e5ff-4605-a447-4c9b2fec1ddc,Byggnad,Värmdö,Stockholm,Identifierat kulturvärde,https://www.wikidata.org/wiki/Special:Search?search=haswbstatement:P1260=raa/bbr/B2025:49564
,,B2025:49733,5413f12b-e91d-412c-b647-3d4ad5b55828,Byggnad,Värmdö,Stockholm,Identifierat kulturvärde,https://www.wikidata.org/wiki/Special:Search?search=haswbstatement:P1260=raa/bbr/B2025:49733
,,B2025:50038,55da09fb-da45-4cfa-b0a0-5a9e5f64502f,Byggnad,Värmdö,Stockholm,Identifierat kulturvärde,https://www.wikidata.org/wiki/Special:Search?search=haswbstatement:P1260=raa/bbr/B2025:50038
,,B2025:50062,56821b1e-b23f-4162-ab75-f385f14287b1,Byggnad,Värmdö,Stockholm,Identifierat kulturvärde,https://www.wikidata.org/wiki/Special:Search?search=haswbstatement:P1260=raa/bbr/B2025:50062
,,B2025:49962,56dd3c7a-9431-4cd1-9182-8c0311bd9189,Byggnad,Värmdö,Stockholm,Identifierat kulturvärde,https://www.wikidata.org/wiki/Special:Search?search=haswbstatement:P1260=raa/bbr/B2025:49962
,,B2025:49523,57a55713-d33c-4d26-bfd6-1cda4325ede4,Byggnad,Värmdö,Stockholm,Identifierat kulturvärde,https://www.wikidata.org/wiki/Special:Search?search=haswbstatement:P1260=raa/bbr/B2025:49523
,,B2025:49552,59402764-f809-4925-82c0-5523e8a04a8b,Byggnad,Värmdö,Stockholm,Identifierat kulturvärde,https://www.wikidata.org/wiki/Special:Search?search=haswbstatement:P1260=raa/bbr/B2025:49552
,,B2025:49966,5aee65aa-d329-477f-926b-5095edf18e66,Byggnad,Värmdö,Stockholm,Identifierat kulturvärde,https://www.wikidata.org/wiki/Special:Search?search=haswbstatement:P1260=raa/bbr/B2025:49966
,,B2025:50014,5b487bc8-1165-4e88-a92c-f37777065000,Byggnad,Värmdö,Stockholm,Identifierat kulturvärde,https://www.wikidata.org/wiki/Special:Search?search=haswbstatement:P1260=raa/bbr/B2025:50014
,,B2025:49945,5c55bb84-e943-49a5-8c87-fb6a053b65a1,Byggnad,Värmdö,Stockholm,Identifierat kulturvärde,https://www.wikidata.org/wiki/Special:Search?search=haswbstatement:P1260=raa/bbr/B2025:49945
,,B2025:49504,5ec0527a-b8e1-4b9e-bbd2-38a6d1f3f39c,Byggnad,Värmdö,Stockholm,Identifierat kulturvärde,https://www.wikidata.org/wiki/Special:Search?search=haswbstatement:P1260=raa/bbr/B2025:49504
,,B2025:49568,5f36db4b-b9d4-4840-9969-e9aa3a101ea9,Byggnad,Värmdö,Stockholm,Identifierat kulturvärde,https://www.wikidata.org/wiki/Special:Search?search=haswbstatement:P1260=raa/bbr/B2025:49568
Kjellströmska gården,,B2025:49981,5f61673e-bc71-4eaa-b156-55dae37227d8,Byggnad,Värmdö,Stockholm,Identifierat kulturvärde,https://www.wikidata.org/wiki/Special:Search?search=haswbstatement:P1260=raa/bbr/B2025:49981
,,B2025:49930,5fa2d176-db73-4273-846b-ab2daff8aaca,Byggnad,Värmdö,Stockholm,Identifierat kulturvärde,https://www.wikidata.org/wiki/Special:Search?search=haswbstatement:P1260=raa/bbr/B2025:49930
,,B2025:49537,6044ad92-0a30-4d51-a7b5-e3fe1c89d8aa,Byggnad,Värmdö,Stockholm,Identifierat kulturvärde,https://www.wikidata.org/wiki/Special:Search?search=haswbstatement:P1260=raa/bbr/B2025:49537
,,B2025:49545,606bf8f8-8fa6-4fa3-b6f8-cc30946acd52,Byggnad,Värmdö,Stockholm,Identifierat kulturvärde,https://www.wikidata.org/wiki/Special:Search?search=haswbstatement:P1260=raa/bbr/B2025:49545
,,B2025:49700,609df14d-9552-46a7-9c17-30fbc79df3f3,Byggnad,Värmdö,Stockholm,Identifierat kulturvärde,https://www.wikidata.org/wiki/Special:Search?search=haswbstatement:P1260=raa/bbr/B2025:49700
,,B2025:50000,60e32e82-0d30-4ecd-a800-37dfc8c999ee,Byggnad,Värmdö,Stockholm,Identifierat kulturvärde,https://www.wikidata.org/wiki/Special:Search?search=haswbstatement:P1260=raa/bbr/B2025:50000
,,B2025:49566,6133fe82-2208-41db-ba39-1f8f2cf5906e,Byggnad,Värmdö,Stockholm,Identifierat kulturvärde,https://www.wikidata.org/wiki/Special:Search?search=haswbstatement:P1260=raa/bbr/B2025:49566
,,B2025:50045,614c2be5-21c6-4671-9e57-6d5da2c9db6a,Byggnad,Värmdö,Stockholm,Identifierat kulturvärde,https://www.wikidata.org/wiki/Special:Search?search=haswbstatement:P1260=raa/bbr/B2025:50045
,,B2025:49948,62e78e5e-5105-44fb-aefe-c3e8d4c7c873,Byggnad,Värmdö,Stockholm,Identifierat kulturvärde,https://www.wikidata.org/wiki/Special:Search?search=haswbstatement:P1260=raa/bbr/B2025:49948
Seglarstaden,,B2025:50094,63af9792-d302-407b-8023-cfcfd0b247d0,Byggnad,Värmdö,Stockholm,Identifierat kulturvärde,https://www.wikidata.org/wiki/Special:Search?search=haswbstatement:P1260=raa/bbr/B2025:50094
,,B2025:49908,63b60f9b-292a-41d1-ae5b-0db49f31d4d6,Byggnad,Värmdö,Stockholm,Identifierat kulturvärde,https://www.wikidata.org/wiki/Special:Search?search=haswbstatement:P1260=raa/bbr/B2025:49908
,,B2025:49993,64236146-da8a-4c9d-9a97-905fd04bc5ce,Byggnad,Värmdö,Stockholm,Identifierat kulturvärde,https://www.wikidata.org/wiki/Special:Search?search=haswbstatement:P1260=raa/bbr/B2025:49993
,,B2025:50001,646ad6b2-d7d8-47d3-8ad2-286ebd741473,Byggnad,Värmdö,Stockholm,Identifierat kulturvärde,https://www.wikidata.org/wiki/Special:Search?search=haswbstatement:P1260=raa/bbr/B2025:50001
Guldsnäckan,,B2025:49901,660ce6f2-17f3-4bb7-850e-4c41e9555ef0,Byggnad,Värmdö,Stockholm,Identifierat kulturvärde,https://www.wikidata.org/wiki/Special:Search?search=haswbstatement:P1260=raa/bbr/B2025:49901
,,B2025:50023,676d828c-42c6-45df-9cac-7ff01f05285f,Byggnad,Värmdö,Stockholm,Identifierat kulturvärde,https://www.wikidata.org/wiki/Special:Search?search=haswbstatement:P1260=raa/bbr/B2025:50023
,,B2025:49531,6797c51d-c78d-4a94-aa7f-acbc562d65d3,Byggnad,Värmdö,Stockholm,Identifierat kulturvärde,https://www.wikidata.org/wiki/Special:Search?search=haswbstatement:P1260=raa/bbr/B2025:49531
,,B2025:49992,67bc24ae-614c-43d8-974b-7fc0f30d88b4,Byggnad,Värmdö,Stockholm,Identifierat kulturvärde,https://www.wikidata.org/wiki/Special:Search?search=haswbstatement:P1260=raa/bbr/B2025:49992
,,B2025:50004,695871a5-1f16-47be-9e7c-3a1475ee64d9,Byggnad,Värmdö,Stockholm,Identifierat kulturvärde,https://www.wikidata.org/wiki/Special:Search?search=haswbstatement:P1260=raa/bbr/B2025:50004
,,B2025:49553,6a25a588-eb64-4050-b18d-7e9e6f1cfa05,Byggnad,Värmdö,Stockholm,Identifierat kulturvärde,https://www.wikidata.org/wiki/Special:Search?search=haswbstatement:P1260=raa/bbr/B2025:49553
,,B2025:49905,6ace1c6d-b7b0-4114-9b89-2002618c29a6,Byggnad,Värmdö,Stockholm,Identifierat kulturvärde,https://www.wikidata.org/wiki/Special:Search?search=haswbstatement:P1260=raa/bbr/B2025:49905
Lysplats,,B2025:58156,6b4c46c5-72a2-407c-ae38-38a2087f6660,Byggnad,Nynäshamn,Stockholm,Statligt byggnadsminne,https://www.wikidata.org/wiki/Special:Search?search=haswbstatement:P1260=raa/bbr/B2025:58156
,,B2025:50055,6b9dccf3-e3c2-4f83-bb7e-1236b753358d,Byggnad,Värmdö,Stockholm,Identifierat kulturvärde,https://www.wikidata.org/wiki/Special:Search?search=haswbstatement:P1260=raa/bbr/B2025:50055
,,B2025:49928,6bc91b30-6180-4cdd-88b5-3a8fb1a4844c,Byggnad,Värmdö,Stockholm,Identifierat kulturvärde,https://www.wikidata.org/wiki/Special:Search?search=haswbstatement:P1260=raa/bbr/B2025:49928
,,B2025:49907,6c01c7cb-2f7c-4c21-a0a8-eaff30cee115,Byggnad,Värmdö,Stockholm,Identifierat kulturvärde,https://www.wikidata.org/wiki/Special:Search?search=haswbstatement:P1260=raa/bbr/B2025:49907
,,B2025:49548,6c34e304-25b1-43e4-9d85-005edce8724f,Byggnad,Värmdö,Stockholm,Identifierat kulturvärde,https://www.wikidata.org/wiki/Special:Search?search=haswbstatement:P1260=raa/bbr/B2025:49548
,,B2025:49590,6d78d5ba-8567-49ce-b662-620bc31aa218,Byggnad,Värmdö,Stockholm,Identifierat kulturvärde,https://www.wikidata.org/wiki/Special:Search?search=haswbstatement:P1260=raa/bbr/B2025:49590
,,B2025:49514,6e2cbd19-7817-40b9-9ec5-7bdd7345181f,Byggnad,Värmdö,Stockholm,Identifierat kulturvärde,https://www.wikidata.org/wiki/Special:Search?search=haswbstatement:P1260=raa/bbr/B2025:49514
Sjöbergsgården,,B2025:49985,6e6ed1b1-5d3d-4fcc-abc2-1c20fe031e8c,Byggnad,Värmdö,Stockholm,Identifierat kulturvärde,https://www.wikidata.org/wiki/Special:Search?search=haswbstatement:P1260=raa/bbr/B2025:49985
,,B2025:50030,6e9d680f-ac38-47b5-8261-5073b02d252e,Byggnad,Värmdö,Stockholm,Identifierat kulturvärde,https://www.wikidata.org/wiki/Special:Search?search=haswbstatement:P1260=raa/bbr/B2025:50030
,,B2025:50040,6f0285f2-505c-43d1-a0d2-fc1538a84193,Byggnad,Värmdö,Stockholm,Identifierat kulturvärde,https://www.wikidata.org/wiki/Special:Search?search=haswbstatement:P1260=raa/bbr/B2025:50040
,,B2025:49498,6f1a0740-68d6-45aa-893f-c7aa59d610b4,Byggnad,Värmdö,Stockholm,Identifierat kulturvärde,https://www.wikidata.org/wiki/Special:Search?search=haswbstatement:P1260=raa/bbr/B2025:49498
,,B2025:49588,70c77328-5054-49df-835e-0f604a32cc0f,Byggnad,Värmdö,Stockholm,Identifierat kulturvärde,https://www.wikidata.org/wiki/Special:Search?search=haswbstatement:P1260=raa/bbr/B2025:49588
,,B2025:49516,72216dec-97e5-433a-a0a7-5f3bd4c87031,Byggnad,Värmdö,Stockholm,Identifierat kulturvärde,https://www.wikidata.org/wiki/Special:Search?search=haswbstatement:P1260=raa/bbr/B2025:49516
,,B2025:49505,723cea99-3883-4567-bfbb-02681c2439e7,Byggnad,Värmdö,Stockholm,Identifierat kulturvärde,https://www.wikidata.org/wiki/Special:Search?search=haswbstatement:P1260=raa/bbr/B2025:49505
,,B2025:49712,72ed43a7-4bfd-43b7-9544-620668531caa,Byggnad,Värmdö,Stockholm,Identifierat kulturvärde,https://www.wikidata.org/wiki/Special:Search?search=haswbstatement:P1260=raa/bbr/B2025:49712
Karolina i gropen,,B2025:50034,7300770c-4724-4775-bab7-829dd9ad6050,Byggnad,Värmdö,Stockholm,Identifierat kulturvärde,https://www.wikidata.org/wiki/Special:Search?search=haswbstatement:P1260=raa/bbr/B2025:50034
,,B2025:49980,743f8617-98a9-42be-b688-ee0c44426dfe,Byggnad,Värmdö,Stockholm,Identifierat kulturvärde,https://www.wikidata.org/wiki/Special:Search?search=haswbstatement:P1260=raa/bbr/B2025:49980
Ornö kyrka,,B2025:31855,74454399-cc3b-4d38-a798-fa0d0f12573e,Byggnad,Haninge,Stockholm,Kyrkligt kulturminne,https://www.wikidata.org/wiki/Special:Search?search=haswbstatement:P1260=raa/bbr/B2025:31855
,,B2025:50102,7477feff-1428-4c90-a205-c9b8b96872ed,Byggnad,Värmdö,Stockholm,Identifierat kulturvärde,https://www.wikidata.org/wiki/Special:Search?search=haswbstatement:P1260=raa/bbr/B2025:50102
Sk-kupol,,B2025:58191,7478f71a-521a-423b-a282-1d4c996b124e,Byggnad,Nynäshamn,Stockholm,Statligt byggnadsminne,https://www.wikidata.org/wiki/Special:Search?search=haswbstatement:P1260=raa/bbr/B2025:58191
,,B2025:49580,7506652c-5c20-4cd4-b4cd-216b1cd2f46c,Byggnad,Värmdö,Stockholm,Identifierat kulturvärde,https://www.wikidata.org/wiki/Special:Search?search=haswbstatement:P1260=raa/bbr/B2025:49580
Seglarstaden,,B2025:50080,754c78b9-449b-4f47-9d1d-965c70de631d,Byggnad,Värmdö,Stockholm,Identifierat kulturvärde,https://www.wikidata.org/wiki/Special:Search?search=haswbstatement:P1260=raa/bbr/B2025:50080
,,B2025:50012,7586e6af-1ac6-43bb-a27b-3114ad6ec386,Byggnad,Värmdö,Stockholm,Identifierat kulturvärde,https://www.wikidata.org/wiki/Special:Search?search=haswbstatement:P1260=raa/bbr/B2025:50012
,,B2025:50029,75994a22-e203-40e9-a759-58f45e149516,Byggnad,Värmdö,Stockholm,Identifierat kulturvärde,https://www.wikidata.org/wiki/Special:Search?search=haswbstatement:P1260=raa/bbr/B2025:50029
,,B2025:50036,75f6c516-652d-4639-abe0-a3e538e26b12,Byggnad,Värmdö,Stockholm,Identifierat kulturvärde,https://www.wikidata.org/wiki/Special:Search?search=haswbstatement:P1260=raa/bbr/B2025:50036
,,B2025:49585,76345d43-0058-410a-bbab-e04f1c7330a7,Byggnad,Värmdö,Stockholm,Identifierat kulturvärde,https://www.wikidata.org/wiki/Special:Search?search=haswbstatement:P1260=raa/bbr/B2025:49585
,,B2025:49495,7668418b-40c7-492d-a167-79655038fcf6,Byggnad,Värmdö,Stockholm,Identifierat kulturvärde,https://www.wikidata.org/wiki/Special:Search?search=haswbstatement:P1260=raa/bbr/B2025:49495
Arbetarbostad,,B2025:9416,76a54dd2-39a6-4912-a4ce-bb192227cd04,Byggnad,Haninge,Stockholm,Byggnadsminne,https://www.wikidata.org/wiki/Special:Search?search=haswbstatement:P1260=raa/bbr/B2025:9416
,,B2025:49510,77242d6d-d133-4396-ae3e-aafd43a71b50,Byggnad,Värmdö,Stockholm,Identifierat kulturvärde,https://www.wikidata.org/wiki/Special:Search?search=haswbstatement:P1260=raa/bbr/B2025:49510
,,B2025:58146,7730f8d1-ffa1-4f01-a061-4b12b4c1285e,Byggnad,Nynäshamn,Stockholm,Identifierat kulturvärde,https://www.wikidata.org/wiki/Special:Search?search=haswbstatement:P1260=raa/bbr/B2025:58146
,,B2025:49875,773d006a-d9df-4ce4-b4cc-fa2695f3ad17,Byggnad,Värmdö,Stockholm,Identifierat kulturvärde,https://www.wikidata.org/wiki/Special:Search?search=haswbstatement:P1260=raa/bbr/B2025:49875
Bergrum med pjäs,,B2025:58190,77a27f27-ab51-47f8-8d45-defaf7c32d59,Byggnad,Nynäshamn,Stockholm,Statligt byggnadsminne,https://www.wikidata.org/wiki/Special:Search?search=haswbstatement:P1260=raa/bbr/B2025:58190
,,B2025:84610,77fe7116-c9ff-48fe-be10-b21ee46a669e,Område,Haninge,Stockholm,Identifierat kulturvärde,https://www.wikidata.org/wiki/Special:Search?search=haswbstatement:P1260=raa/bbr/B2025:84610
,,B2025:49982,78620cb4-c167-4b39-8667-11218d43e6b1,Byggnad,Värmdö,Stockholm,Identifierat kulturvärde,https://www.wikidata.org/wiki/Special:Search?search=haswbstatement:P1260=raa/bbr/B2025:49982
,,B2025:49554,79e2e851-3934-49a6-892f-23c0009076fc,Byggnad,Värmdö,Stockholm,Identifierat kulturvärde,https://www.wikidata.org/wiki/Special:Search?search=haswbstatement:P1260=raa/bbr/B2025:49554
,,B2025:49502,7ba36264-13d9-4c0f-a0cc-1587d5380398,Byggnad,Värmdö,Stockholm,Identifierat kulturvärde,https://www.wikidata.org/wiki/Special:Search?search=haswbstatement:P1260=raa/bbr/B2025:49502
,,B2025:50054,7bcc4be3-3c41-4288-92e0-d818f8ff746d,Byggnad,Värmdö,Stockholm,Identifierat kulturvärde,https://www.wikidata.org/wiki/Special:Search?search=haswbstatement:P1260=raa/bbr/B2025:50054
,,B2025:50103,7bd732ac-a04f-452f-b507-11a482b8d526,Byggnad,Värmdö,Stockholm,Identifierat kulturvärde,https://www.wikidata.org/wiki/Special:Search?search=haswbstatement:P1260=raa/bbr/B2025:50103
,,B2025:49935,7d2559a7-12af-46de-aa12-94b475899a0a,Byggnad,Värmdö,Stockholm,Identifierat kulturvärde,https://www.wikidata.org/wiki/Special:Search?search=haswbstatement:P1260=raa/bbr/B2025:49935
,,B2025:86145,7deb07ba-92fd-431b-9535-353f311900d9,Område,Värmdö,Stockholm,Identifierat kulturvärde,https://www.wikidata.org/wiki/Special:Search?search=haswbstatement:P1260=raa/bbr/B2025:86145
,,B2025:49532,7f38be26-d542-4360-be04-70878e33bdd5,Byggnad,Värmdö,Stockholm,Identifierat kulturvärde,https://www.wikidata.org/wiki/Special:Search?search=haswbstatement:P1260=raa/bbr/B2025:49532
,,B2025:50006,7fc5a987-e217-42c0-8205-223b61b54e36,Byggnad,Värmdö,Stockholm,Identifierat kulturvärde,https://www.wikidata.org/wiki/Special:Search?search=haswbstatement:P1260=raa/bbr/B2025:50006
,,B2025:49951,805beff3-2235-4364-91b3-f0f393c20b3b,Byggnad,Värmdö,Stockholm,Identifierat kulturvärde,https://www.wikidata.org/wiki/Special:Search?search=haswbstatement:P1260=raa/bbr/B2025:49951
,,B2025:49927,808ffa8e-6024-4111-a67b-ef7263434a59,Byggnad,Värmdö,Stockholm,Identifierat kulturvärde,https://www.wikidata.org/wiki/Special:Search?search=haswbstatement:P1260=raa/bbr/B2025:49927
,,B2025:49938,816aed77-a450-47ba-9e3a-1ffb181f6f62,Byggnad,Värmdö,Stockholm,Identifierat kulturvärde,https://www.wikidata.org/wiki/Special:Search?search=haswbstatement:P1260=raa/bbr/B2025:49938
,,B2025:49539,82ca2b94-ac30-40ae-b73f-3c348e8da0fa,Byggnad,Värmdö,Stockholm,Identifierat kulturvärde,https://www.wikidata.org/wiki/Special:Search?search=haswbstatement:P1260=raa/bbr/B2025:49539
,,B2025:49904,836429dd-2f99-45f5-ae9c-c48addc4a890,Byggnad,Värmdö,Stockholm,Identifierat kulturvärde,https://www.wikidata.org/wiki/Special:Search?search=haswbstatement:P1260=raa/bbr/B2025:49904
,,B2025:49936,83c10710-b76f-4237-bcda-498e85a6c952,Byggnad,Värmdö,Stockholm,Identifierat kulturvärde,https://www.wikidata.org/wiki/Special:Search?search=haswbstatement:P1260=raa/bbr/B2025:49936
,,B2025:49582,83ca9fad-3067-410b-a779-18a600868b65,Byggnad,Värmdö,Stockholm,Identifierat kulturvärde,https://www.wikidata.org/wiki/Special:Search?search=haswbstatement:P1260=raa/bbr/B2025:49582
,,B2025:50069,86757a59-fb39-4a91-9f65-1849fa031f97,Byggnad,Värmdö,Stockholm,Identifierat kulturvärde,https://www.wikidata.org/wiki/Special:Search?search=haswbstatement:P1260=raa/bbr/B2025:50069
,,B2025:50108,870a899f-5027-44d1-9c12-70ba2b911303,Byggnad,Värmdö,Stockholm,Identifierat kulturvärde,https://www.wikidata.org/wiki/Special:Search?search=haswbstatement:P1260=raa/bbr/B2025:50108
,,B2025:50019,877d46cd-9962-484f-b3bd-e24a08c32e91,Byggnad,Värmdö,Stockholm,Identifierat kulturvärde,https://www.wikidata.org/wiki/Special:Search?search=haswbstatement:P1260=raa/bbr/B2025:50019
,,B2025:49557,8792a097-e625-4156-ab37-40aecdb91d7b,Byggnad,Värmdö,Stockholm,Identifierat kulturvärde,https://www.wikidata.org/wiki/Special:Search?search=haswbstatement:P1260=raa/bbr/B2025:49557
Landsorts kapell,,B2025:9808,87fa2da8-8dc3-4c49-8024-5df37ebd2d91,Byggnad,Nynäshamn,Stockholm,Kyrkligt kulturminne,https://www.wikidata.org/wiki/Special:Search?search=haswbstatement:P1260=raa/bbr/B2025:9808
,,B2025:49892,8825b5d5-c4ec-4885-b93b-0de648d675cb,Byggnad,Värmdö,Stockholm,Identifierat kulturvärde,https://www.wikidata.org/wiki/Special:Search?search=haswbstatement:P1260=raa/bbr/B2025:49892
Seglarstaden,,B2025:50097,89d46e4f-0abd-4cf7-8d2d-f82e39aca9ea,Byggnad,Värmdö,Stockholm,Identifierat kulturvärde,https://www.wikidata.org/wiki/Special:Search?search=haswbstatement:P1260=raa/bbr/B2025:50097
,,B2025:50032,89ea94dc-467e-488a-b822-79c79303d4b6,Byggnad,Värmdö,Stockholm,Identifierat kulturvärde,https://www.wikidata.org/wiki/Special:Search?search=haswbstatement:P1260=raa/bbr/B2025:50032
,,B2025:50041,8af19b8c-1449-4afa-bbd1-4438bc8d6d1e,Byggnad,Värmdö,Stockholm,Identifierat kulturvärde,https://www.wikidata.org/wiki/Special:Search?search=haswbstatement:P1260=raa/bbr/B2025:50041
,,B2025:49868,8b7febc8-6c41-4703-9288-bb08b11d5158,Byggnad,Värmdö,Stockholm,Identifierat kulturvärde,https://www.wikidata.org/wiki/Special:Search?search=haswbstatement:P1260=raa/bbr/B2025:49868
,,B2025:49999,8b9c9118-6481-44b8-9448-e6881584a3bf,Byggnad,Värmdö,Stockholm,Identifierat kulturvärde,https://www.wikidata.org/wiki/Special:Search?search=haswbstatement:P1260=raa/bbr/B2025:49999
,,B2025:49959,8c83c850-e535-4ec0-85f3-7b68059ed128,Byggnad,Värmdö,Stockholm,Identifierat kulturvärde,https://www.wikidata.org/wiki/Special:Search?search=haswbstatement:P1260=raa/bbr/B2025:49959
Förläggning,,B2025:58158,8cb8fc61-60ea-4d7f-ba9d-f6f4e34c0c86,Byggnad,Nynäshamn,Stockholm,Statligt byggnadsminne,https://www.wikidata.org/wiki/Special:Search?search=haswbstatement:P1260=raa/bbr/B2025:58158
Seglarstaden,,B2025:50098,8cbbd886-950a-45ed-a356-32f053ee413c,Byggnad,Värmdö,Stockholm,Identifierat kulturvärde,https://www.wikidata.org/wiki/Special:Search?search=haswbstatement:P1260=raa/bbr/B2025:50098
,,B2025:49994,8d0833b7-8ef1-48d6-ab47-5e15b925383e,Byggnad,Värmdö,Stockholm,Identifierat kulturvärde,https://www.wikidata.org/wiki/Special:Search?search=haswbstatement:P1260=raa/bbr/B2025:49994
,,B2025:49556,8d3c5e8c-ba2f-4c4c-a35e-72ed99bce268,Byggnad,Värmdö,Stockholm,Identifierat kulturvärde,https://www.wikidata.org/wiki/Special:Search?search=haswbstatement:P1260=raa/bbr/B2025:49556
Arbetarbostad,,B2025:9418,8d71e6d0-5032-4d18-83a7-583163f4a56c,Byggnad,Haninge,Stockholm,Byggnadsminne,https://www.wikidata.org/wiki/Special:Search?search=haswbstatement:P1260=raa/bbr/B2025:9418
,,B2025:49517,8d803ef9-a892-48fb-818a-83350c439602,Byggnad,Värmdö,Stockholm,Identifierat kulturvärde,https://www.wikidata.org/wiki/Special:Search?search=haswbstatement:P1260=raa/bbr/B2025:49517
,,B2025:49963,8dafb208-e7ad-4c51-84ce-2cabc79ec260,Byggnad,Värmdö,Stockholm,Identifierat kulturvärde,https://www.wikidata.org/wiki/Special:Search?search=haswbstatement:P1260=raa/bbr/B2025:49963
Seglarstaden,,B2025:50093,8dce4927-99ea-4ade-b1cd-2c7049da0d08,Byggnad,Värmdö,Stockholm,Identifierat kulturvärde,https://www.wikidata.org/wiki/Special:Search?search=haswbstatement:P1260=raa/bbr/B2025:50093
Sjömålspjäs,,B2025:58142,8e1ca564-14f2-4c54-a5a1-44e38db19052,Byggnad,Nynäshamn,Stockholm,Statligt byggnadsminne,https://www.wikidata.org/wiki/Special:Search?search=haswbstatement:P1260=raa/bbr/B2025:58142
,,B2025:49954,8e2cfe60-e40f-4cff-9988-7eff292f079f,Byggnad,Värmdö,Stockholm,Identifierat kulturvärde,https://www.wikidata.org/wiki/Special:Search?search=haswbstatement:P1260=raa/bbr/B2025:49954
Pegelhuset,Gula huset,B2025:58187,8f3754c7-1aed-4ed1-abd0-61bad311cfd6,Anläggning,Nynäshamn,Stockholm,Statligt byggnadsminne,https://www.wikidata.org/wiki/Special:Search?search=haswbstatement:P1260=raa/bbr/B2025:58187
,,B2025:49991,903a02eb-ebe4-4d83-8b45-dcf23930cc84,Byggnad,Värmdö,Stockholm,Identifierat kulturvärde,https://www.wikidata.org/wiki/Special:Search?search=haswbstatement:P1260=raa/bbr/B2025:49991
,,B2025:50021,9064d742-97f8-40c9-bbe8-b1d98d0ff015,Byggnad,Värmdö,Stockholm,Identifierat kulturvärde,https://www.wikidata.org/wiki/Special:Search?search=haswbstatement:P1260=raa/bbr/B2025:50021
,,B2025:49970,90693abe-32f4-4cc2-8af2-717d4f97a20f,Byggnad,Värmdö,Stockholm,Identifierat kulturvärde,https://www.wikidata.org/wiki/Special:Search?search=haswbstatement:P1260=raa/bbr/B2025:49970
,,B2025:49911,90f11e7b-bae9-4ddf-97d3-529b159cee95,Byggnad,Värmdö,Stockholm,Identifierat kulturvärde,https://www.wikidata.org/wiki/Special:Search?search=haswbstatement:P1260=raa/bbr/B2025:49911
,,B2025:49965,91f01150-e070-4392-ab35-cc3143dd0061,Byggnad,Värmdö,Stockholm,Identifierat kulturvärde,https://www.wikidata.org/wiki/Special:Search?search=haswbstatement:P1260=raa/bbr/B2025:49965
,,B2025:49925,9219cedc-c227-4138-ae6f-69b30b2afb9f,Byggnad,Värmdö,Stockholm,Identifierat kulturvärde,https://www.wikidata.org/wiki/Special:Search?search=haswbstatement:P1260=raa/bbr/B2025:49925
,,B2025:49942,922e4aae-3c6f-4557-999c-3809d74d7221,Byggnad,Värmdö,Stockholm,Identifierat kulturvärde,https://www.wikidata.org/wiki/Special:Search?search=haswbstatement:P1260=raa/bbr/B2025:49942
,,B2025:49508,928fe898-8ada-4dd1-964b-f81aefcd733e,Byggnad,Värmdö,Stockholm,Identifierat kulturvärde,https://www.wikidata.org/wiki/Special:Search?search=haswbstatement:P1260=raa/bbr/B2025:49508
,,B2025:49809,9361dcb4-75ee-4592-b6d9-aa80c11851a9,Byggnad,Värmdö,Stockholm,Identifierat kulturvärde,https://www.wikidata.org/wiki/Special:Search?search=haswbstatement:P1260=raa/bbr/B2025:49809
,,B2025:49877,93ca7b6c-3f25-4277-9892-2f13c992c5d8,Byggnad,Värmdö,Stockholm,Identifierat kulturvärde,https://www.wikidata.org/wiki/Special:Search?search=haswbstatement:P1260=raa/bbr/B2025:49877
,,B2025:86148,942b902d-055c-4f67-b0e7-60f88803b491,Område,Värmdö,Stockholm,Identifierat kulturvärde,https://www.wikidata.org/wiki/Special:Search?search=haswbstatement:P1260=raa/bbr/B2025:86148
,,B2025:49720,94ca437b-d7fe-4eb3-832e-4bf3eaf6f1a5,Byggnad,Värmdö,Stockholm,Identifierat kulturvärde,https://www.wikidata.org/wiki/Special:Search?search=haswbstatement:P1260=raa/bbr/B2025:49720
,,B2025:50050,9658a32b-ffd3-412e-88d2-b74a36c0287b,Byggnad,Värmdö,Stockholm,Identifierat kulturvärde,https://www.wikidata.org/wiki/Special:Search?search=haswbstatement:P1260=raa/bbr/B2025:50050
,,B2025:50010,97d7c516-4663-4684-835c-408789214cd7,Byggnad,Värmdö,Stockholm,Identifierat kulturvärde,https://www.wikidata.org/wiki/Special:Search?search=haswbstatement:P1260=raa/bbr/B2025:50010
,,B2025:49897,9922722c-fc91-478d-ae86-b5753591a4f0,Byggnad,Värmdö,Stockholm,Identifierat kulturvärde,https://www.wikidata.org/wiki/Special:Search?search=haswbstatement:P1260=raa/bbr/B2025:49897
,,B2025:50025,9abeace5-33af-4d01-856c-4a0bdd5ff601,Byggnad,Värmdö,Stockholm,Identifierat kulturvärde,https://www.wikidata.org/wiki/Special:Search?search=haswbstatement:P1260=raa/bbr/B2025:50025
,,B2025:49870,9ac6bcd9-035e-4052-b78b-a806cac0cd24,Byggnad,Värmdö,Stockholm,Identifierat kulturvärde,https://www.wikidata.org/wiki/Special:Search?search=haswbstatement:P1260=raa/bbr/B2025:49870
Arbetarbostad,,B2025:9425,9ba9d790-00e9-4363-a4d3-24473e443e45,Byggnad,Haninge,Stockholm,Byggnadsminne,https://www.wikidata.org/wiki/Special:Search?search=haswbstatement:P1260=raa/bbr/B2025:9425
Seglarstaden,,B2025:50101,9c00c67e-6c20-4cb4-8335-579e577e4d5c,Byggnad,Värmdö,Stockholm,Identifierat kulturvärde,https://www.wikidata.org/wiki/Special:Search?search=haswbstatement:P1260=raa/bbr/B2025:50101
,,B2025:49770,9c706b3d-6c50-4b7a-a6ee-197def85af98,Byggnad,Värmdö,Stockholm,Identifierat kulturvärde,https://www.wikidata.org/wiki/Special:Search?search=haswbstatement:P1260=raa/bbr/B2025:49770
,,B2025:84609,9d252443-6c45-4f41-b731-d58b90e3e580,Område,Haninge,Stockholm,Identifierat kulturvärde,https://www.wikidata.org/wiki/Special:Search?search=haswbstatement:P1260=raa/bbr/B2025:84609
,,B2025:49685,9db3fd8d-c96d-402d-b587-b97f92f3ab66,Byggnad,Värmdö,Stockholm,Identifierat kulturvärde,https://www.wikidata.org/wiki/Special:Search?search=haswbstatement:P1260=raa/bbr/B2025:49685
Arbetarbostad,,B2025:9422,9de3e1a6-9362-43ce-b8f8-f3f0ea44101d,Byggnad,Haninge,Stockholm,Byggnadsminne,https://www.wikidata.org/wiki/Special:Search?search=haswbstatement:P1260=raa/bbr/B2025:9422
Övre vaktstugan,Australia,B2025:13104,9e620f1a-6918-4b97-8bef-3d5bfccbd4bc,Byggnad,Värmdö,Stockholm,Byggnadsminne,https://www.wikidata.org/wiki/Special:Search?search=haswbstatement:P1260=raa/bbr/B2025:13104
,,B2025:49934,9e7d74d5-416d-4b29-a919-2b8fb760e075,Byggnad,Värmdö,Stockholm,Identifierat kulturvärde,https://www.wikidata.org/wiki/Special:Search?search=haswbstatement:P1260=raa/bbr/B2025:49934
,,B2025:49915,9f4cb967-90f9-442d-8a62-fbadec04da62,Byggnad,Värmdö,Stockholm,Identifierat kulturvärde,https://www.wikidata.org/wiki/Special:Search?search=haswbstatement:P1260=raa/bbr/B2025:49915
,,B2025:49493,9fb4ee43-2f54-4ffa-ac72-9cf53896fcf3,Byggnad,Värmdö,Stockholm,Identifierat kulturvärde,https://www.wikidata.org/wiki/Special:Search?search=haswbstatement:P1260=raa/bbr/B2025:49493
Sundbergska gården,,B2025:49998,9ff6f74f-8cbb-4a4f-9555-d457bb14d8be,Byggnad,Värmdö,Stockholm,Identifierat kulturvärde,https://www.wikidata.org/wiki/Special:Search?search=haswbstatement:P1260=raa/bbr/B2025:49998
,,B2025:50020,a0817f0a-7719-47a2-84e8-d18820ae49e0,Byggnad,Värmdö,Stockholm,Identifierat kulturvärde,https://www.wikidata.org/wiki/Special:Search?search=haswbstatement:P1260=raa/bbr/B2025:50020
,,B2025:49501,a0cba1b2-ffd1-40bf-9e1e-0b9ac2a17f4c,Byggnad,Värmdö,Stockholm,Identifierat kulturvärde,https://www.wikidata.org/wiki/Special:Search?search=haswbstatement:P1260=raa/bbr/B2025:49501
,,B2025:49494,a23cb4b3-4bbc-42bb-93a4-9cea5450c3c7,Byggnad,Värmdö,Stockholm,Identifierat kulturvärde,https://www.wikidata.org/wiki/Special:Search?search=haswbstatement:P1260=raa/bbr/B2025:49494
Arbetarbostad,,B2025:9419,a28266f9-fbc8-4bc0-8506-70d1f79790d2,Byggnad,Haninge,Stockholm,Byggnadsminne,https://www.wikidata.org/wiki/Special:Search?search=haswbstatement:P1260=raa/bbr/B2025:9419
,,B2025:49524,a3a4c602-aa69-484c-8044-a4b2ed39b019,Byggnad,Värmdö,Stockholm,Identifierat kulturvärde,https://www.wikidata.org/wiki/Special:Search?search=haswbstatement:P1260=raa/bbr/B2025:49524
,,B2025:49698,a3ffa442-0ed9-4175-8f9f-b4396b327875,Byggnad,Värmdö,Stockholm,Identifierat kulturvärde,https://www.wikidata.org/wiki/Special:Search?search=haswbstatement:P1260=raa/bbr/B2025:49698
,,B2025:49880,a4116490-c0bb-4983-8bf6-358b27d878ba,Byggnad,Värmdö,Stockholm,Identifierat kulturvärde,https://www.wikidata.org/wiki/Special:Search?search=haswbstatement:P1260=raa/bbr/B2025:49880
,,B2025:49961,a458187c-b7d2-49c4-a9a1-45861d1640e0,Byggnad,Värmdö,Stockholm,Identifierat kulturvärde,https://www.wikidata.org/wiki/Special:Search?search=haswbstatement:P1260=raa/bbr/B2025:49961
,,B2025:49950,a5b08ec5-0562-45c0-84a0-9526edb47627,Byggnad,Värmdö,Stockholm,Identifierat kulturvärde,https://www.wikidata.org/wiki/Special:Search?search=haswbstatement:P1260=raa/bbr/B2025:49950
Arholma båk,"Arholma, båk",B2025:12305,a66ab3fc-1ea3-49f6-9714-340a544edadf,Anläggning,Norrtälje,Stockholm,Statligt byggnadsminne,https://www.wikidata.org/wiki/Special:Search?search=haswbstatement:P1260=raa/bbr/B2025:12305
,,B2025:49929,a67d5d59-09cb-4e6e-bca1-8422e595b1de,Byggnad,Värmdö,Stockholm,Identifierat kulturvärde,https://www.wikidata.org/wiki/Special:Search?search=haswbstatement:P1260=raa/bbr/B2025:49929
Sjöbergsgården,,B2025:49984,a68e1643-f278-4f12-8266-e7586962384b,Byggnad,Värmdö,Stockholm,Identifierat kulturvärde,https://www.wikidata.org/wiki/Special:Search?search=haswbstatement:P1260=raa/bbr/B2025:49984
,,B2025:49811,a68fe81d-035e-4252-97b0-c0ecd23ed75d,Byggnad,Värmdö,Stockholm,Identifierat kulturvärde,https://www.wikidata.org/wiki/Special:Search?search=haswbstatement:P1260=raa/bbr/B2025:49811
,,B2025:49947,a6ae1595-39d5-41a4-972b-ce92b071f561,Byggnad,Värmdö,Stockholm,Identifierat kulturvärde,https://www.wikidata.org/wiki/Special:Search?search=haswbstatement:P1260=raa/bbr/B2025:49947
,,B2025:49939,a6b68f24-7367-4007-a866-e917a5ff6a8e,Byggnad,Värmdö,Stockholm,Identifierat kulturvärde,https://www.wikidata.org/wiki/Special:Search?search=haswbstatement:P1260=raa/bbr/B2025:49939
,,B2025:49570,a71e50d7-6420-4433-9846-726dff575a97,Byggnad,Värmdö,Stockholm,Identifierat kulturvärde,https://www.wikidata.org/wiki/Special:Search?search=haswbstatement:P1260=raa/bbr/B2025:49570
,,B2025:49507,a75ff5dc-a0a0-40e0-8aef-cbd839ff249c,Byggnad,Värmdö,Stockholm,Identifierat kulturvärde,https://www.wikidata.org/wiki/Special:Search?search=haswbstatement:P1260=raa/bbr/B2025:49507
,,B2025:49503,a7a293dc-5aee-42d5-ac1b-2a525ac4407e,Byggnad,Värmdö,Stockholm,Identifierat kulturvärde,https://www.wikidata.org/wiki/Special:Search?search=haswbstatement:P1260=raa/bbr/B2025:49503
Kulsprutevärn,,B2025:58153,a7e47ab4-c32e-4fe9-9c8c-3bc37877ffe5,Byggnad,Nynäshamn,Stockholm,Statligt byggnadsminne,https://www.wikidata.org/wiki/Special:Search?search=haswbstatement:P1260=raa/bbr/B2025:58153
,,B2025:49909,a800b5ba-97f3-46c1-9548-eafdf10d6a91,Byggnad,Värmdö,Stockholm,Identifierat kulturvärde,https://www.wikidata.org/wiki/Special:Search?search=haswbstatement:P1260=raa/bbr/B2025:49909
Runmarö kapell,,B2025:44665,a8500c85-886e-494b-bdcd-c51669527e0a,Byggnad,Värmdö,Stockholm,Identifierat kulturvärde,https://www.wikidata.org/wiki/Special:Search?search=haswbstatement:P1260=raa/bbr/B2025:44665
,,B2025:49988,aa7b5af9-5b07-42de-980a-79bbb0681381,Byggnad,Värmdö,Stockholm,Identifierat kulturvärde,https://www.wikidata.org/wiki/Special:Search?search=haswbstatement:P1260=raa/bbr/B2025:49988
,,B2025:50002,aae5fff2-c22c-4ba4-9983-58ec3d376976,Byggnad,Värmdö,Stockholm,Identifierat kulturvärde,https://www.wikidata.org/wiki/Special:Search?search=haswbstatement:P1260=raa/bbr/B2025:50002
Seglarstaden,,B2025:50079,ab987da7-4d2f-4a2e-a2cc-81b762b6528e,Byggnad,Värmdö,Stockholm,Identifierat kulturvärde,https://www.wikidata.org/wiki/Special:Search?search=haswbstatement:P1260=raa/bbr/B2025:50079
,,B2025:49987,ac0f3956-c63e-487a-b061-a7804e2dbaab,Byggnad,Värmdö,Stockholm,Identifierat kulturvärde,https://www.wikidata.org/wiki/Special:Search?search=haswbstatement:P1260=raa/bbr/B2025:49987
,,B2025:49906,ac880668-9c0f-404b-9e6f-ecc070f30143,Byggnad,Värmdö,Stockholm,Identifierat kulturvärde,https://www.wikidata.org/wiki/Special:Search?search=haswbstatement:P1260=raa/bbr/B2025:49906
,,B2025:49921,acfa38d3-bfea-4f96-acf9-95106fe99dc9,Byggnad,Värmdö,Stockholm,Identifierat kulturvärde,https://www.wikidata.org/wiki/Special:Search?search=haswbstatement:P1260=raa/bbr/B2025:49921
Lusthus,,B2025:13106,ad416992-0cff-4e33-b39e-16d5a6235145,Byggnad,Värmdö,Stockholm,Byggnadsminne,https://www.wikidata.org/wiki/Special:Search?search=haswbstatement:P1260=raa/bbr/B2025:13106
,,B2025:49869,ad498a8a-f33a-4667-b61b-c67803bb347a,Byggnad,Värmdö,Stockholm,Identifierat kulturvärde,https://www.wikidata.org/wiki/Special:Search?search=haswbstatement:P1260=raa/bbr/B2025:49869
,,B2025:49577,ada25f57-1590-4d6f-996b-f5de85b9ed88,Byggnad,Värmdö,Stockholm,Identifierat kulturvärde,https://www.wikidata.org/wiki/Special:Search?search=haswbstatement:P1260=raa/bbr/B2025:49577
,,B2025:50044,ade5aa6f-ac16-4dce-b516-18a5193a5845,Byggnad,Värmdö,Stockholm,Identifierat kulturvärde,https://www.wikidata.org/wiki/Special:Search?search=haswbstatement:P1260=raa/bbr/B2025:50044
,,B2025:49723,ae4b979a-6253-4049-b187-7b659fa122e5,Byggnad,Värmdö,Stockholm,Identifierat kulturvärde,https://www.wikidata.org/wiki/Special:Search?search=haswbstatement:P1260=raa/bbr/B2025:49723
,,B2025:49567,af83db8d-50a9-4f88-bbd6-543024454908,Byggnad,Värmdö,Stockholm,Identifierat kulturvärde,https://www.wikidata.org/wiki/Special:Search?search=haswbstatement:P1260=raa/bbr/B2025:49567
,,B2025:49695,b0905458-20fe-49c1-ae0c-3beff0235b11,Byggnad,Värmdö,Stockholm,Identifierat kulturvärde,https://www.wikidata.org/wiki/Special:Search?search=haswbstatement:P1260=raa/bbr/B2025:49695
,,B2025:49538,b0c10aba-2890-487f-808a-0ba6c9ed024c,Byggnad,Värmdö,Stockholm,Identifierat kulturvärde,https://www.wikidata.org/wiki/Special:Search?search=haswbstatement:P1260=raa/bbr/B2025:49538
,,B2025:50007,b1024d7a-1ba3-48df-9f0d-c9e80b34aa77,Byggnad,Värmdö,Stockholm,Identifierat kulturvärde,https://www.wikidata.org/wiki/Special:Search?search=haswbstatement:P1260=raa/bbr/B2025:50007
,,B2025:50028,b1044924-d28c-40f2-8a8e-6b7f2615d280,Byggnad,Värmdö,Stockholm,Identifierat kulturvärde,https://www.wikidata.org/wiki/Special:Search?search=haswbstatement:P1260=raa/bbr/B2025:50028
Klockstapel,,B2025:13108,b1c0441e-fcff-4841-b55a-ef52bc1a7010,Anläggning,Värmdö,Stockholm,Byggnadsminne,https://www.wikidata.org/wiki/Special:Search?search=haswbstatement:P1260=raa/bbr/B2025:13108
,,B2025:49912,b24fa18e-69b2-4da0-9a94-d7f3a2b2d4c3,Byggnad,Värmdö,Stockholm,Identifierat kulturvärde,https://www.wikidata.org/wiki/Special:Search?search=haswbstatement:P1260=raa/bbr/B2025:49912
,,B2025:50037,b320de41-fcef-468a-932a-e4f95a6711a2,Byggnad,Värmdö,Stockholm,Identifierat kulturvärde,https://www.wikidata.org/wiki/Special:Search?search=haswbstatement:P1260=raa/bbr/B2025:50037
,,B2025:50022,b32e957b-7640-4082-b47f-a834493597e8,Byggnad,Värmdö,Stockholm,Identifierat kulturvärde,https://www.wikidata.org/wiki/Special:Search?search=haswbstatement:P1260=raa/bbr/B2025:50022
Lotsutkiken,,B2025:49983,b330edd6-a04a-472c-87f0-17b5d0c37b4c,Byggnad,Värmdö,Stockholm,Identifierat kulturvärde,https://www.wikidata.org/wiki/Special:Search?search=haswbstatement:P1260=raa/bbr/B2025:49983
,,B2025:49941,b4f618dd-b1d2-4f72-9262-f71f0a8bbca7,Byggnad,Värmdö,Stockholm,Identifierat kulturvärde,https://www.wikidata.org/wiki/Special:Search?search=haswbstatement:P1260=raa/bbr/B2025:49941
Möja kyrka,,B2025:44662,b546c97e-f820-4845-82db-bdcc5007e70f,Byggnad,Värmdö,Stockholm,Kyrkligt kulturminne,https://www.wikidata.org/wiki/Special:Search?search=haswbstatement:P1260=raa/bbr/B2025:44662
,,B2025:49822,b6fc2b93-e8cf-4a4e-9fe9-2a14253326fe,Byggnad,Värmdö,Stockholm,Identifierat kulturvärde,https://www.wikidata.org/wiki/Special:Search?search=haswbstatement:P1260=raa/bbr/B2025:49822
,,B2025:49871,b71685ac-8a32-4ac5-ba54-eb2b05ee1c0b,Byggnad,Värmdö,Stockholm,Identifierat kulturvärde,https://www.wikidata.org/wiki/Special:Search?search=haswbstatement:P1260=raa/bbr/B2025:49871
,,B2025:49512,b933d313-ce49-45d1-8c48-d99e560b75f8,Byggnad,Värmdö,Stockholm,Identifierat kulturvärde,https://www.wikidata.org/wiki/Special:Search?search=haswbstatement:P1260=raa/bbr/B2025:49512
Bårhus,,B2025:31863,ba6a5baa-7cf1-4498-be58-54382f48edec,Byggnad,Haninge,Stockholm,Kyrkligt kulturminne,https://www.wikidata.org/wiki/Special:Search?search=haswbstatement:P1260=raa/bbr/B2025:31863
Observationsvärn och ledningsbunker,,B2025:58143,baf7ec84-4abd-43d6-89b0-9be2f5a86229,Byggnad,Nynäshamn,Stockholm,Statligt byggnadsminne,https://www.wikidata.org/wiki/Special:Search?search=haswbstatement:P1260=raa/bbr/B2025:58143
,,B2025:49722,bc4c6f34-1ee5-4794-8eaf-1e857840cea3,Byggnad,Värmdö,Stockholm,Identifierat kulturvärde,https://www.wikidata.org/wiki/Special:Search?search=haswbstatement:P1260=raa/bbr/B2025:49722
,,B2025:49823,bc53c568-4b7a-48f0-a4b8-fcce6ecbefd8,Byggnad,Värmdö,Stockholm,Identifierat kulturvärde,https://www.wikidata.org/wiki/Special:Search?search=haswbstatement:P1260=raa/bbr/B2025:49823
,,B2025:50008,bc68d4a1-c5ef-45b6-8534-10d4ba2fa34c,Byggnad,Värmdö,Stockholm,Identifierat kulturvärde,https://www.wikidata.org/wiki/Special:Search?search=haswbstatement:P1260=raa/bbr/B2025:50008
,,B2025:49940,bd0cc7e9-06a0-474c-a6ff-426823b9627a,Byggnad,Värmdö,Stockholm,Identifierat kulturvärde,https://www.wikidata.org/wiki/Special:Search?search=haswbstatement:P1260=raa/bbr/B2025:49940
Strålkastarvärn,,B2025:58157,bd165071-b386-4f85-ae34-b6b0609eafe3,Byggnad,Nynäshamn,Stockholm,Statligt byggnadsminne,https://www.wikidata.org/wiki/Special:Search?search=haswbstatement:P1260=raa/bbr/B2025:58157
,,B2025:50033,be565427-b79e-4b43-bfb6-49fedcc0356d,Byggnad,Värmdö,Stockholm,Identifierat kulturvärde,https://www.wikidata.org/wiki/Special:Search?search=haswbstatement:P1260=raa/bbr/B2025:50033
,,B2025:49891,bf73147b-c270-435a-9a1c-ee07d505ecc8,Byggnad,Värmdö,Stockholm,Identifierat kulturvärde,https://www.wikidata.org/wiki/Special:Search?search=haswbstatement:P1260=raa/bbr/B2025:49891
,,B2025:49894,bfa42dc5-b95c-4eab-9bb1-17037de61d43,Byggnad,Värmdö,Stockholm,Identifierat kulturvärde,https://www.wikidata.org/wiki/Special:Search?search=haswbstatement:P1260=raa/bbr/B2025:49894
,,B2025:49661,c0710375-6aeb-4426-86c9-eb88c14e6235,Byggnad,Värmdö,Stockholm,Identifierat kulturvärde,https://www.wikidata.org/wiki/Special:Search?search=haswbstatement:P1260=raa/bbr/B2025:49661
Seglarstaden,,B2025:50084,c0ad5f4a-a6e4-48a6-905f-b558db0977a2,Byggnad,Värmdö,Stockholm,Identifierat kulturvärde,https://www.wikidata.org/wiki/Special:Search?search=haswbstatement:P1260=raa/bbr/B2025:50084
,,B2025:49732,c19261e0-e89b-4295-a8ac-434ece9d5810,Byggnad,Värmdö,Stockholm,Identifierat kulturvärde,https://www.wikidata.org/wiki/Special:Search?search=haswbstatement:P1260=raa/bbr/B2025:49732
,,B2025:49576,c1f21de3-66d5-44ba-ac0f-25b9412d9470,Byggnad,Värmdö,Stockholm,Identifierat kulturvärde,https://www.wikidata.org/wiki/Special:Search?search=haswbstatement:P1260=raa/bbr/B2025:49576
,,B2025:50068,c2be580e-79b8-4ee2-b4bb-14d3e18760e0,Byggnad,Värmdö,Stockholm,Identifierat kulturvärde,https://www.wikidata.org/wiki/Special:Search?search=haswbstatement:P1260=raa/bbr/B2025:50068
,,B2025:49943,c2cdd124-93ac-4481-8342-7105218a7567,Byggnad,Värmdö,Stockholm,Identifierat kulturvärde,https://www.wikidata.org/wiki/Special:Search?search=haswbstatement:P1260=raa/bbr/B2025:49943
Seglarstaden,,B2025:50073,c49e7349-9e64-480d-a29a-d0734f03bac2,Byggnad,Värmdö,Stockholm,Identifierat kulturvärde,https://www.wikidata.org/wiki/Special:Search?search=haswbstatement:P1260=raa/bbr/B2025:50073
,,B2025:50099,c54b8696-8d2a-4476-b2e1-f2bde2ae5c35,Byggnad,Värmdö,Stockholm,Identifierat kulturvärde,https://www.wikidata.org/wiki/Special:Search?search=haswbstatement:P1260=raa/bbr/B2025:50099
Seglarstaden,,B2025:50095,c6291362-1728-4a9e-849a-a3954d695430,Byggnad,Värmdö,Stockholm,Identifierat kulturvärde,https://www.wikidata.org/wiki/Special:Search?search=haswbstatement:P1260=raa/bbr/B2025:50095
,,B2025:49971,c67e9405-6c4f-4d80-81f9-b7339a2599f5,Byggnad,Värmdö,Stockholm,Identifierat kulturvärde,https://www.wikidata.org/wiki/Special:Search?search=haswbstatement:P1260=raa/bbr/B2025:49971
,,B2025:50027,c69a31dd-66d6-4b5f-83f1-44da5b0b0a3e,Byggnad,Värmdö,Stockholm,Identifierat kulturvärde,https://www.wikidata.org/wiki/Special:Search?search=haswbstatement:P1260=raa/bbr/B2025:50027
,,B2025:49881,c6d1cfeb-274f-44b6-bce2-4c1a03638bfc,Byggnad,Värmdö,Stockholm,Identifierat kulturvärde,https://www.wikidata.org/wiki/Special:Search?search=haswbstatement:P1260=raa/bbr/B2025:49881
,,B2025:81880,c80dc0de-8d5d-4a9a-b1e6-38475ba4e8aa,Område,Nynäshamn,Stockholm,Identifierat kulturvärde,https://www.wikidata.org/wiki/Special:Search?search=haswbstatement:P1260=raa/bbr/B2025:81880
,,B2025:49509,c84d7429-8dc3-4541-a4b6-6f2e66d1c44d,Byggnad,Värmdö,Stockholm,Identifierat kulturvärde,https://www.wikidata.org/wiki/Special:Search?search=haswbstatement:P1260=raa/bbr/B2025:49509
,,B2025:50058,c8e0ff4e-d7ad-4c15-b3bf-7354ffa88a8b,Byggnad,Värmdö,Stockholm,Identifierat kulturvärde,https://www.wikidata.org/wiki/Special:Search?search=haswbstatement:P1260=raa/bbr/B2025:50058
,,B2025:49977,c91eadb2-6196-4392-bc6e-423b5712e729,Byggnad,Värmdö,Stockholm,Identifierat kulturvärde,https://www.wikidata.org/wiki/Special:Search?search=haswbstatement:P1260=raa/bbr/B2025:49977
Sjöbloms gård,,B2025:50015,ca524e2a-0bde-422d-92b5-b44de0658d02,Byggnad,Värmdö,Stockholm,Identifierat kulturvärde,https://www.wikidata.org/wiki/Special:Search?search=haswbstatement:P1260=raa/bbr/B2025:50015
,,B2025:50026,ca9d9cc5-f170-4957-a8c3-e8035f28fe31,Byggnad,Värmdö,Stockholm,Identifierat kulturvärde,https://www.wikidata.org/wiki/Special:Search?search=haswbstatement:P1260=raa/bbr/B2025:50026
Nedre vaktstugan,,B2025:13103,cbccca9d-de49-44ce-9d3c-815007b3a760,Byggnad,Värmdö,Stockholm,Byggnadsminne,https://www.wikidata.org/wiki/Special:Search?search=haswbstatement:P1260=raa/bbr/B2025:13103
,,B2025:49972,cc765377-b704-4589-9602-a3c9dbe4f81b,Byggnad,Värmdö,Stockholm,Identifierat kulturvärde,https://www.wikidata.org/wiki/Special:Search?search=haswbstatement:P1260=raa/bbr/B2025:49972
,,B2025:49542,cc79547e-ef5a-4261-b331-a14cc1b893a7,Byggnad,Värmdö,Stockholm,Identifierat kulturvärde,https://www.wikidata.org/wiki/Special:Search?search=haswbstatement:P1260=raa/bbr/B2025:49542
,,B2025:50039,cc9d45a3-df13-499a-a174-4009f61079c1,Byggnad,Värmdö,Stockholm,Identifierat kulturvärde,https://www.wikidata.org/wiki/Special:Search?search=haswbstatement:P1260=raa/bbr/B2025:50039
,,B2025:49867,ce2be030-bb49-4dd1-9311-735831302453,Byggnad,Värmdö,Stockholm,Identifierat kulturvärde,https://www.wikidata.org/wiki/Special:Search?search=haswbstatement:P1260=raa/bbr/B2025:49867
,,B2025:49899,ce58b374-6a33-41e1-bcc1-c489bae9667b,Byggnad,Värmdö,Stockholm,Identifierat kulturvärde,https://www.wikidata.org/wiki/Special:Search?search=haswbstatement:P1260=raa/bbr/B2025:49899
,,B2025:49967,ced10c97-d845-4393-b284-98bc680dc262,Byggnad,Värmdö,Stockholm,Identifierat kulturvärde,https://www.wikidata.org/wiki/Special:Search?search=haswbstatement:P1260=raa/bbr/B2025:49967
,,B2025:49956,cee5cfa7-a77d-4296-8e39-d761b1eb27f4,Byggnad,Värmdö,Stockholm,Identifierat kulturvärde,https://www.wikidata.org/wiki/Special:Search?search=haswbstatement:P1260=raa/bbr/B2025:49956
,,B2025:49497,d04e952b-fab1-4b65-bd42-63b124d855a9,Byggnad,Värmdö,Stockholm,Identifierat kulturvärde,https://www.wikidata.org/wiki/Special:Search?search=haswbstatement:P1260=raa/bbr/B2025:49497
,,B2025:49500,d05d1dfd-9d19-4617-a6ad-c19be08e6916,Byggnad,Värmdö,Stockholm,Identifierat kulturvärde,https://www.wikidata.org/wiki/Special:Search?search=haswbstatement:P1260=raa/bbr/B2025:49500
,,B2025:50046,d096d7ec-c53e-44ec-928a-30ca29fd2a24,Byggnad,Värmdö,Stockholm,Identifierat kulturvärde,https://www.wikidata.org/wiki/Special:Search?search=haswbstatement:P1260=raa/bbr/B2025:50046
,,B2025:49574,d0a64689-f5e1-454a-a133-eb662c6a3d4d,Byggnad,Värmdö,Stockholm,Identifierat kulturvärde,https://www.wikidata.org/wiki/Special:Search?search=haswbstatement:P1260=raa/bbr/B2025:49574
,,B2025:49890,d0fa1f80-e03a-47ba-a9ff-a63fec4e61a4,Byggnad,Värmdö,Stockholm,Identifierat kulturvärde,https://www.wikidata.org/wiki/Special:Search?search=haswbstatement:P1260=raa/bbr/B2025:49890
,,B2025:49902,d14eb0bd-f214-43a1-9392-e459e48bc8a0,Byggnad,Värmdö,Stockholm,Identifierat kulturvärde,https://www.wikidata.org/wiki/Special:Search?search=haswbstatement:P1260=raa/bbr/B2025:49902
,,B2025:49561,d17438b1-4441-4d94-8fa1-c02b95804ec9,Byggnad,Värmdö,Stockholm,Identifierat kulturvärde,https://www.wikidata.org/wiki/Special:Search?search=haswbstatement:P1260=raa/bbr/B2025:49561
,,B2025:87099,d2f672f1-dfed-4664-9ad7-2a3d7d22a496,Område,Värmdö,Stockholm,Identifierat kulturvärde,https://www.wikidata.org/wiki/Special:Search?search=haswbstatement:P1260=raa/bbr/B2025:87099
,,B2025:49529,d3442628-85b4-4b56-a384-89914eab74c0,Byggnad,Värmdö,Stockholm,Identifierat kulturvärde,https://www.wikidata.org/wiki/Special:Search?search=haswbstatement:P1260=raa/bbr/B2025:49529
,,B2025:49808,d34d18c8-8a18-479b-a964-a9e3e58a1120,Byggnad,Värmdö,Stockholm,Identifierat kulturvärde,https://www.wikidata.org/wiki/Special:Search?search=haswbstatement:P1260=raa/bbr/B2025:49808
,,B2025:49729,d3d11659-c2d5-445a-9f59-766d9547e0d6,Byggnad,Värmdö,Stockholm,Identifierat kulturvärde,https://www.wikidata.org/wiki/Special:Search?search=haswbstatement:P1260=raa/bbr/B2025:49729
,,B2025:49683,d3d9487c-a78f-4ea6-9a13-c57af939704a,Byggnad,Värmdö,Stockholm,Identifierat kulturvärde,https://www.wikidata.org/wiki/Special:Search?search=haswbstatement:P1260=raa/bbr/B2025:49683
,,B2025:49662,d4810309-f567-450b-bc5f-28b0ca9b3b1a,Byggnad,Värmdö,Stockholm,Identifierat kulturvärde,https://www.wikidata.org/wiki/Special:Search?search=haswbstatement:P1260=raa/bbr/B2025:49662
,,B2025:50059,d5386b65-82ff-4284-8909-f164e888c849,Byggnad,Värmdö,Stockholm,Identifierat kulturvärde,https://www.wikidata.org/wiki/Special:Search?search=haswbstatement:P1260=raa/bbr/B2025:50059
Seglarstaden,,B2025:50090,d6a9ddaf-8e72-4479-abeb-02d5e5115cc6,Byggnad,Värmdö,Stockholm,Identifierat kulturvärde,https://www.wikidata.org/wiki/Special:Search?search=haswbstatement:P1260=raa/bbr/B2025:50090
,,B2025:49903,d7458e09-661a-496b-938f-944f6eb2c3f3,Byggnad,Värmdö,Stockholm,Identifierat kulturvärde,https://www.wikidata.org/wiki/Special:Search?search=haswbstatement:P1260=raa/bbr/B2025:49903
,,B2025:49569,db301a05-230c-4df9-b1eb-9265b7bbd582,Byggnad,Värmdö,Stockholm,Identifierat kulturvärde,https://www.wikidata.org/wiki/Special:Search?search=haswbstatement:P1260=raa/bbr/B2025:49569
,,B2025:49521,db72afe0-11a2-4f64-8f3a-ffd0fb9e9a54,Byggnad,Värmdö,Stockholm,Identifierat kulturvärde,https://www.wikidata.org/wiki/Special:Search?search=haswbstatement:P1260=raa/bbr/B2025:49521
,,B2025:49499,dbaae4c7-86ee-42cf-9e18-0f54ba2eba4c,Byggnad,Värmdö,Stockholm,Identifierat kulturvärde,https://www.wikidata.org/wiki/Special:Search?search=haswbstatement:P1260=raa/bbr/B2025:49499
,,B2025:50005,dbab6080-60c9-4822-9910-7d098041ecdb,Byggnad,Värmdö,Stockholm,Identifierat kulturvärde,https://www.wikidata.org/wiki/Special:Search?search=haswbstatement:P1260=raa/bbr/B2025:50005
,,B2025:49496,dc1fc036-f03a-4f99-aaf4-9675c4138dbd,Byggnad,Värmdö,Stockholm,Identifierat kulturvärde,https://www.wikidata.org/wiki/Special:Search?search=haswbstatement:P1260=raa/bbr/B2025:49496
,,B2025:49525,ddf38239-1abf-41e5-86d9-21f8ea9cbc90,Byggnad,Värmdö,Stockholm,Identifierat kulturvärde,https://www.wikidata.org/wiki/Special:Search?search=haswbstatement:P1260=raa/bbr/B2025:49525
Arholma kapell,Arholma kyrka,B2025:32858,de4f7259-f47b-4495-8b03-85c643cfb41c,Byggnad,Norrtälje,Stockholm,Kyrkligt kulturminne,https://www.wikidata.org/wiki/Special:Search?search=haswbstatement:P1260=raa/bbr/B2025:32858
,,B2025:49515,dede0fba-b436-4ce3-8105-8b078ddd195b,Byggnad,Värmdö,Stockholm,Identifierat kulturvärde,https://www.wikidata.org/wiki/Special:Search?search=haswbstatement:P1260=raa/bbr/B2025:49515
,,B2025:50017,df1b52a4-906c-462d-aac3-a414cc218b04,Byggnad,Värmdö,Stockholm,Identifierat kulturvärde,https://www.wikidata.org/wiki/Special:Search?search=haswbstatement:P1260=raa/bbr/B2025:50017
Luftvärn,,B2025:58194,e02cc54d-9344-4c9b-8194-27036a257dc3,Byggnad,Nynäshamn,Stockholm,Statligt byggnadsminne,https://www.wikidata.org/wiki/Special:Search?search=haswbstatement:P1260=raa/bbr/B2025:58194
Seglarstaden,,B2025:50091,e067eaff-ebde-4e18-b09a-b9fbede32524,Byggnad,Värmdö,Stockholm,Identifierat kulturvärde,https://www.wikidata.org/wiki/Special:Search?search=haswbstatement:P1260=raa/bbr/B2025:50091
Seglarstaden,,B2025:50081,e0ad2cbe-96a8-4e96-b7cb-b77ca642d5cc,Byggnad,Värmdö,Stockholm,Identifierat kulturvärde,https://www.wikidata.org/wiki/Special:Search?search=haswbstatement:P1260=raa/bbr/B2025:50081
,,B2025:49964,e0b74dd2-4bd3-4b8c-b1b1-90ec0e5fa8ef,Byggnad,Värmdö,Stockholm,Identifierat kulturvärde,https://www.wikidata.org/wiki/Special:Search?search=haswbstatement:P1260=raa/bbr/B2025:49964
,,B2025:49571,e0bcef7b-77f2-4bc2-b874-cb3c0eba39ac,Byggnad,Värmdö,Stockholm,Identifierat kulturvärde,https://www.wikidata.org/wiki/Special:Search?search=haswbstatement:P1260=raa/bbr/B2025:49571
,,B2025:50031,e10065ca-cc50-4005-96c8-bd571093fdfc,Byggnad,Värmdö,Stockholm,Identifierat kulturvärde,https://www.wikidata.org/wiki/Special:Search?search=haswbstatement:P1260=raa/bbr/B2025:50031
,,B2025:50042,e348718a-b310-4b34-a39e-48a4735e4c12,Byggnad,Värmdö,Stockholm,Identifierat kulturvärde,https://www.wikidata.org/wiki/Special:Search?search=haswbstatement:P1260=raa/bbr/B2025:50042
,,B2025:49886,e453aaad-029c-4e03-8617-2565d2f2e336,Byggnad,Värmdö,Stockholm,Identifierat kulturvärde,https://www.wikidata.org/wiki/Special:Search?search=haswbstatement:P1260=raa/bbr/B2025:49886
,,B2025:49535,e4b0ac11-9488-466d-b719-87502005bce9,Byggnad,Värmdö,Stockholm,Identifierat kulturvärde,https://www.wikidata.org/wiki/Special:Search?search=haswbstatement:P1260=raa/bbr/B2025:49535
Nämdö kyrka,,B2025:44666,e527d524-5384-4dd5-9829-bede396d6bf2,Byggnad,Värmdö,Stockholm,Kyrkligt kulturminne,https://www.wikidata.org/wiki/Special:Search?search=haswbstatement:P1260=raa/bbr/B2025:44666
,,B2025:50047,e8550349-29ca-460d-9e07-98aefa2050b3,Byggnad,Värmdö,Stockholm,Identifierat kulturvärde,https://www.wikidata.org/wiki/Special:Search?search=haswbstatement:P1260=raa/bbr/B2025:50047
,,B2025:49979,e899430e-b4eb-42c8-bdb1-6c28964d64d3,Byggnad,Värmdö,Stockholm,Identifierat kulturvärde,https://www.wikidata.org/wiki/Special:Search?search=haswbstatement:P1260=raa/bbr/B2025:49979
,,B2025:49560,e8bd2a07-27d6-424c-9851-04b5cd5c1c8d,Byggnad,Värmdö,Stockholm,Identifierat kulturvärde,https://www.wikidata.org/wiki/Special:Search?search=haswbstatement:P1260=raa/bbr/B2025:49560
Holmska gården,,B2025:50018,e9772cae-21b3-448f-9445-0621c6788a6c,Byggnad,Värmdö,Stockholm,Identifierat kulturvärde,https://www.wikidata.org/wiki/Special:Search?search=haswbstatement:P1260=raa/bbr/B2025:50018
,,B2025:49731,ea4e8bc3-fc5a-4120-be75-82226dc9cbaa,Byggnad,Värmdö,Stockholm,Identifierat kulturvärde,https://www.wikidata.org/wiki/Special:Search?search=haswbstatement:P1260=raa/bbr/B2025:49731
,,B2025:49996,ea67925a-e0c7-4498-8264-b999995c8943,Byggnad,Värmdö,Stockholm,Identifierat kulturvärde,https://www.wikidata.org/wiki/Special:Search?search=haswbstatement:P1260=raa/bbr/B2025:49996
Seglarstaden,,B2025:50082,ec548a9c-789b-440b-a76d-75590fd39143,Byggnad,Värmdö,Stockholm,Identifierat kulturvärde,https://www.wikidata.org/wiki/Special:Search?search=haswbstatement:P1260=raa/bbr/B2025:50082
,,B2025:49873,ee54f89a-520c-407b-b815-3ac31aafe1ca,Byggnad,Värmdö,Stockholm,Identifierat kulturvärde,https://www.wikidata.org/wiki/Special:Search?search=haswbstatement:P1260=raa/bbr/B2025:49873
,,B2025:49549,ee9dfef3-f8b4-492e-abfe-03b7580cf040,Byggnad,Värmdö,Stockholm,Identifierat kulturvärde,https://www.wikidata.org/wiki/Special:Search?search=haswbstatement:P1260=raa/bbr/B2025:49549
Batteri arholma,,B2025:12306,eec626ac-a759-4edf-bcc3-03627041bbb7,Byggnad,Norrtälje,Stockholm,Statligt byggnadsminne,https://www.wikidata.org/wiki/Special:Search?search=haswbstatement:P1260=raa/bbr/B2025:12306
,,B2025:50063,eed6366b-f126-47cf-851f-61326cba6c53,Byggnad,Värmdö,Stockholm,Identifierat kulturvärde,https://www.wikidata.org/wiki/Special:Search?search=haswbstatement:P1260=raa/bbr/B2025:50063
Lysplats,,B2025:58149,ef50f993-cdca-4189-8ac7-d71d4188739b,Byggnad,Nynäshamn,Stockholm,Statligt byggnadsminne,https://www.wikidata.org/wiki/Special:Search?search=haswbstatement:P1260=raa/bbr/B2025:58149
,,B2025:49866,f0133ff8-962e-4c06-9e79-8ebdbf1695c5,Byggnad,Värmdö,Stockholm,Identifierat kulturvärde,https://www.wikidata.org/wiki/Special:Search?search=haswbstatement:P1260=raa/bbr/B2025:49866
Utö kyrka,,B2025:31856,f0366463-7557-4aef-a3b4-7eaaae6fcad8,Byggnad,Haninge,Stockholm,Kyrkligt kulturminne,https://www.wikidata.org/wiki/Special:Search?search=haswbstatement:P1260=raa/bbr/B2025:31856
,,B2025:49878,f0bfddf4-350b-4078-b9c0-9d212ad74e13,Byggnad,Värmdö,Stockholm,Identifierat kulturvärde,https://www.wikidata.org/wiki/Special:Search?search=haswbstatement:P1260=raa/bbr/B2025:49878
,,B2025:49562,f186299e-7749-40de-92e5-f86543d9a9be,Byggnad,Värmdö,Stockholm,Identifierat kulturvärde,https://www.wikidata.org/wiki/Special:Search?search=haswbstatement:P1260=raa/bbr/B2025:49562
,,B2025:49872,f1bdc50e-4ddb-4d3f-998f-16c6b60d2aa9,Byggnad,Värmdö,Stockholm,Identifierat kulturvärde,https://www.wikidata.org/wiki/Special:Search?search=haswbstatement:P1260=raa/bbr/B2025:49872
,,B2025:49518,f1bf9393-a049-420c-b3b3-5c139bff84b0,Byggnad,Värmdö,Stockholm,Identifierat kulturvärde,https://www.wikidata.org/wiki/Special:Search?search=haswbstatement:P1260=raa/bbr/B2025:49518
,,B2025:49975,f33abf3e-164f-4180-894a-cba57b02dedf,Byggnad,Värmdö,Stockholm,Identifierat kulturvärde,https://www.wikidata.org/wiki/Special:Search?search=haswbstatement:P1260=raa/bbr/B2025:49975
,,B2025:50043,f3c4120b-2c50-44f2-9844-e7e548dd2f8d,Byggnad,Värmdö,Stockholm,Identifierat kulturvärde,https://www.wikidata.org/wiki/Special:Search?search=haswbstatement:P1260=raa/bbr/B2025:50043
,,B2025:49526,f401f82a-8923-42b4-9800-302a75eefde4,Byggnad,Värmdö,Stockholm,Identifierat kulturvärde,https://www.wikidata.org/wiki/Special:Search?search=haswbstatement:P1260=raa/bbr/B2025:49526
Tullhus,,B2025:13102,f631ea84-7e64-452d-9658-90df00fbe1b9,Byggnad,Värmdö,Stockholm,Byggnadsminne,https://www.wikidata.org/wiki/Special:Search?search=haswbstatement:P1260=raa/bbr/B2025:13102
,,B2025:49506,f6a00797-9618-4433-ac58-e3cf3fb96bb7,Byggnad,Värmdö,Stockholm,Identifierat kulturvärde,https://www.wikidata.org/wiki/Special:Search?search=haswbstatement:P1260=raa/bbr/B2025:49506
,,B2025:49534,f702488b-493c-463f-ae8d-34cf20784193,Byggnad,Värmdö,Stockholm,Identifierat kulturvärde,https://www.wikidata.org/wiki/Special:Search?search=haswbstatement:P1260=raa/bbr/B2025:49534
,,B2025:49944,f80681e6-aecf-497f-b249-a7571260ec25,Byggnad,Värmdö,Stockholm,Identifierat kulturvärde,https://www.wikidata.org/wiki/Special:Search?search=haswbstatement:P1260=raa/bbr/B2025:49944
Arbetarbostad,,B2025:9428,f94d446f-46a7-460a-833e-788d8e9218a6,Byggnad,Haninge,Stockholm,Byggnadsminne,https://www.wikidata.org/wiki/Special:Search?search=haswbstatement:P1260=raa/bbr/B2025:9428
,,B2025:49974,f955ebc9-421f-46f3-9ac7-87cca1a9c89e,Byggnad,Värmdö,Stockholm,Identifierat kulturvärde,https://www.wikidata.org/wiki/Special:Search?search=haswbstatement:P1260=raa/bbr/B2025:49974
Seglarstaden,,B2025:50070,fa66d64d-a5fa-4ace-b460-2b3adaf2eb03,Byggnad,Värmdö,Stockholm,Identifierat kulturvärde,https://www.wikidata.org/wiki/Special:Search?search=haswbstatement:P1260=raa/bbr/B2025:50070
,,B2025:49997,fb00090e-411e-48b9-b11c-4c2c1138a62c,Byggnad,Värmdö,Stockholm,Identifierat kulturvärde,https://www.wikidata.org/wiki/Special:Search?search=haswbstatement:P1260=raa/bbr/B2025:49997
,,B2025:49541,fb0ae477-91d3-4b2b-ab46-6e0ce9c2bd45,Byggnad,Värmdö,Stockholm,Identifierat kulturvärde,https://www.wikidata.org/wiki/Special:Search?search=haswbstatement:P1260=raa/bbr/B2025:49541
,,B2025:49893,fb22d17b-1175-4fe2-bf40-dda36cee4e97,Byggnad,Värmdö,Stockholm,Identifierat kulturvärde,https://www.wikidata.org/wiki/Special:Search?search=haswbstatement:P1260=raa/bbr/B2025:49893
Sandhamns palats,,B2025:50035,fc472bd5-c253-47ab-aa8b-a4301630f908,Byggnad,Värmdö,Stockholm,Identifierat kulturvärde,https://www.wikidata.org/wiki/Special:Search?search=haswbstatement:P1260=raa/bbr/B2025:50035
,,B2025:49887,fcc13454-2c1f-4446-afc4-f5e3d0140905,Byggnad,Värmdö,Stockholm,Identifierat kulturvärde,https://www.wikidata.org/wiki/Special:Search?search=haswbstatement:P1260=raa/bbr/B2025:49887
Befästningsverk,,B2025:58159,fcdd50b2-6ec3-43e1-b865-eefa03ace6d9,Byggnad,Nynäshamn,Stockholm,Identifierat kulturvärde,https://www.wikidata.org/wiki/Special:Search?search=haswbstatement:P1260=raa/bbr/B2025:58159
Seglarstaden,,B2025:50074,fce35346-13d8-48c8-856e-c4fda856323f,Byggnad,Värmdö,Stockholm,Identifierat kulturvärde,https://www.wikidata.org/wiki/Special:Search?search=haswbstatement:P1260=raa/bbr/B2025:50074
,,B2025:50066,fcf48dec-e4a8-432f-97fa-5cc319328334,Byggnad,Värmdö,Stockholm,Identifierat kulturvärde,https://www.wikidata.org/wiki/Special:Search?search=haswbstatement:P1260=raa/bbr/B2025:50066
Seglarstaden,,B2025:50088,fe5f7b85-ebd3-4a61-a920-fe721246b1d4,Byggnad,Värmdö,Stockholm,Identifierat kulturvärde,https://www.wikidata.org/wiki/Special:Search?search=haswbstatement:P1260=raa/bbr/B2025:50088
,,B2025:49699,fec328ca-28cf-4c61-8ce2-4bf1fa9b00a1,Byggnad,Värmdö,Stockholm,Identifierat kulturvärde,https://www.wikidata.org/wiki/Special:Search?search=haswbstatement:P1260=raa/bbr/B2025:49699
Ksss Klubbhus,,B2025:49473,ff81ca67-34ce-437d-97e2-76cdf6f77941,Byggnad,Värmdö,Stockholm,Identifierat kulturvärde,https://www.wikidata.org/wiki/Special:Search?search=haswbstatement:P1260=raa/bbr/B2025:49473
,,B2025:49953,fffb98ea-26a7-46f2-ac51-c02f9e6f6112,Byggnad,Värmdö,Stockholm,Identifierat kulturvärde,https://www.wikidata.org/wiki/Special:Search?search=haswbstatement:P1260=raa/bbr/B2025:49953
