osmid,highway,surface,tracktype,foot,bicycle,sac_scale,trail_visibility,smoothness,image,missing_surface,missing_access,missing_hike,inconsistent,Etapp
39504808,,,,,,,,,https://upload.wikimedia.org/wikipedia/commons/thumb/c/c0/B%C3%A5tluffarleden_Finnhamns_sidan_01.jpg/1536px-B%C3%A5tluffarleden_Finnhamns_sidan_01.jpg?fbclid=IwQ0xDSwMGdJVleHRuA2FlbQIxMQABHgPg9_qauG70Ra2Wzp-_Pq0U5kZqOmTrpXlEvnl_lN1adlz2Bjld657nrbCN_aem_eQ,True,False,False,False,Roddbåtar att korsa mellan Finnhamn till Ingmarsö
39504808,,,,,,,,,https://upload.wikimedia.org/wikipedia/commons/thumb/c/c0/B%C3%A5tluffarleden_Finnhamns_sidan_01.jpg/1536px-B%C3%A5tluffarleden_Finnhamns_sidan_01.jpg?fbclid=IwQ0xDSwMGdJVleHRuA2FlbQIxMQABHgPg9_qauG70Ra2Wzp-_Pq0U5kZqOmTrpXlEvnl_lN1adlz2Bjld657nrbCN_aem_eQ,True,False,False,False,Roddbåtar att korsa mellan Ingmarsö till Finnhamn
42559813,service,,,,,,,,,True,False,False,False,SAT Arholma
42559822,tertiary,gravel,,,,,,intermediate,,False,False,False,False,SAT Arholma
42701072,service,,,yes,yes,,,,,True,False,False,False,SAT Arholma
42701081,tertiary,,,,,,,,,True,False,False,False,SAT Arholma
42701093,residential,gravel,,,,,,intermediate,,False,False,False,False,SAT Arholma
65690011,tertiary,,,,,,,,,True,False,False,False,SAT Arholma
65690019,unclassified,gravel,,,,,,intermediate,,False,False,False,False,SAT Arholma
65690027,footway,,,,,,,,,True,True,True,False,SAT Arholma
65692966,track,,grade5,,,,,,,True,False,False,False,SAT Arholma
73015569,service,gravel,,,,,,intermediate,,False,False,False,False,SAT Arholma
73015580,track,unpaved,grade3,,,,,,,False,False,False,False,SAT Arholma
148019206,path,grass,,,,,,,,False,True,True,False,SAT Arholma
148019207,unclassified,gravel,,,,,,intermediate,,False,False,False,False,SAT Arholma
148019209,path,,,,,,,,,True,True,True,False,SAT Arholma
148019213,path,unpaved,,,,,,,,False,True,True,False,SAT Arholma
148019214,path,,,,,,,,,True,True,True,False,SAT Arholma
205939564,tertiary,gravel,,,,,,intermediate,,False,False,False,False,SAT Arholma
292553977,footway,,,yes,,,,,,True,False,True,False,SAT Arholma
513323288,track,unpaved,grade5,,,,,,,False,False,False,False,SAT Arholma
514839690,path,unpaved,,,,,,,,False,True,True,False,SAT Arholma
514839693,path,unpaved,,,,,,,,False,True,True,False,SAT Arholma
514839702,footway,,,yes,,,,,,True,False,True,False,SAT Arholma
605734273,steps,,,,,,,,,True,False,False,False,SAT Arholma
605734274,footway,,,yes,,,,,,True,False,True,False,SAT Arholma
605734275,track,,grade3,,,,,,,True,False,False,False,SAT Arholma
605807597,footway,,,,,,,,,True,True,True,False,SAT Arholma
605807603,service,,,,,,,,,True,False,False,False,SAT Arholma
610244020,footway,,,,,,,,,True,True,True,False,SAT Arholma
1120319390,tertiary,,,,,,,,,True,False,False,False,SAT Arholma
1378914348,residential,gravel,,,,,,intermediate,,False,False,False,False,SAT Arholma
1378914351,path,unpaved,,,,,,,,False,True,True,False,SAT Arholma
1378914352,path,,,,,,,,,True,True,True,False,SAT Arholma
1378914354,service,,,,,,,,,True,False,False,False,SAT Arholma
620363967,unclassified,compacted,,,,,,,,False,False,False,False,SAT Brottö
620363971,unclassified,compacted,,,,,,,,False,False,False,False,SAT Brottö
39504806,path,ground,,,,,,,,False,True,True,False,SAT Finnhamn
39504807,path,ground,,,,,,,,False,True,True,False,SAT Finnhamn
126470801,path,,,,,,,,,True,True,True,False,SAT Finnhamn
222762725,track,gravel,grade2,,,,,intermediate,,False,False,False,False,SAT Finnhamn
287245652,path,ground,,,,,,,,False,True,True,False,SAT Finnhamn
287245654,track,fine_gravel,grade2,,,,,intermediate,,False,False,False,False,SAT Finnhamn
287245655,track,fine_gravel,grade2,,,,,intermediate,,False,False,False,False,SAT Finnhamn
287245656,path,ground,,,,,,,,False,True,True,False,SAT Finnhamn
287245657,track,fine_gravel,grade2,,,,,intermediate,,False,False,False,False,SAT Finnhamn
346550510,path,ground,,,,,,,,False,True,True,False,SAT Finnhamn
360568156,path,ground,,,,,,,,False,True,True,False,SAT Finnhamn
506814564,path,ground,,,,,,,,False,True,True,False,SAT Finnhamn
606367684,path,ground,,,,,,,,False,True,True,False,SAT Finnhamn
620364012,track,fine_gravel,grade2,,,,,intermediate,,False,False,False,False,SAT Finnhamn
620364014,track,compacted,grade2,,,,,intermediate,,False,False,False,False,SAT Finnhamn
620364016,path,ground,,,,,,,,False,True,True,False,SAT Finnhamn
696324909,track,fine_gravel,grade2,,,,,intermediate,,False,False,False,False,SAT Finnhamn
696326499,path,ground,,,,,,,,False,True,True,False,SAT Finnhamn
696327445,path,ground,,,,,,,,False,True,True,False,SAT Finnhamn
967578974,path,ground,,,,,,,,False,True,True,False,SAT Finnhamn
967578991,path,ground,,,,,,,,False,True,True,False,SAT Finnhamn
967578992,path,ground,,,,,,,,False,True,True,False,SAT Finnhamn
967578993,path,,,,,,,,,True,True,True,False,SAT Finnhamn
967578995,path,,,,,,,,,True,True,True,False,SAT Finnhamn
1087587107,path,,,,,,,,,True,True,True,False,SAT Finnhamn
1087587108,path,,,,,,,,,True,True,True,False,SAT Finnhamn
1087587111,track,fine_gravel,grade4,,,,,intermediate,,False,False,False,False,SAT Finnhamn
1087587121,track,fine_gravel,grade1,,,,,intermediate,,False,False,False,False,SAT Finnhamn
1379275517,path,ground,,,,,,,,False,True,True,False,SAT Finnhamn
1379275518,path,ground,,,,,,,,False,True,True,False,SAT Finnhamn
1379275520,path,ground,,,,,,,,False,True,True,False,SAT Finnhamn
1379275524,track,gravel,grade2,,,,,intermediate,,False,False,False,False,SAT Finnhamn
1379275527,path,ground,,,,,,,,False,True,True,False,SAT Finnhamn
1379275528,track,gravel,grade2,,,,,intermediate,,False,False,False,False,SAT Finnhamn
1379275529,track,gravel,grade2,,,,,intermediate,,False,False,False,False,SAT Finnhamn
1379275531,track,compacted,grade2,,,,,intermediate,,False,False,False,False,SAT Finnhamn
1379275533,track,ground,grade5,,,,,,,False,False,False,False,SAT Finnhamn
1379275536,path,ground,,,,,,,,False,True,True,False,SAT Finnhamn
1379275537,path,ground,,,,,,,,False,True,True,False,SAT Finnhamn
1379275538,track,compacted,grade2,,,,,intermediate,,False,False,False,False,SAT Finnhamn
1379275540,track,fine_gravel,grade2,,,,,intermediate,,False,False,False,False,SAT Finnhamn
1379275541,path,,,,,,,,,True,True,True,False,SAT Finnhamn
212721165,path,unpaved,,yes,,hiking,,,,False,False,True,False,SAT Fjärdlång
222182590,track,,,,,,,,,True,False,False,False,SAT Fjärdlång
290833704,path,,,,,,,,,True,True,True,False,SAT Fjärdlång
290833705,path,,,,,,,,,True,True,True,False,SAT Fjärdlång
290833706,track,,,,,,,,,True,False,False,False,SAT Fjärdlång
290833707,path,,,,,,,,,True,True,True,False,SAT Fjärdlång
290833708,path,,,,,,,,,True,True,True,False,SAT Fjärdlång
290833709,footway,,,,,,,,,True,True,True,False,SAT Fjärdlång
511516253,path,,,,,,,,,True,True,True,False,SAT Fjärdlång
511516256,path,unpaved,,yes,,hiking,,,,False,False,True,False,SAT Fjärdlång
511516259,path,unpaved,,yes,,hiking,,,,False,False,True,False,SAT Fjärdlång
511516260,path,,,,,,,,,True,True,True,False,SAT Fjärdlång
969868961,path,ground,,,,,,,,False,True,True,False,SAT Fjärdlång
1051829399,path,,,,,,,,,True,True,True,False,SAT Fjärdlång
1051829400,path,,,,,,,,,True,True,True,False,SAT Fjärdlång
1379168626,path,,,,,,,,,True,True,True,False,SAT Fjärdlång
1379168627,path,,,,,,,,,True,True,True,False,SAT Fjärdlång
1379168630,track,,,,,,,,,True,False,False,False,SAT Fjärdlång
1379168631,track,,,,,,,,,True,False,False,False,SAT Fjärdlång
1379168632,path,,,,,,,,,True,True,True,False,SAT Fjärdlång
1379168633,track,,,,,,,,,True,False,False,False,SAT Fjärdlång
34916741,residential,asphalt,,,,,,,,False,False,False,False,SAT Furusund
35674391,residential,compacted,,,,,,,,False,False,False,False,SAT Furusund
36729993,residential,unpaved,,,,,,,,False,False,False,False,SAT Furusund
36729996,residential,compacted,,,,,,,,False,False,False,False,SAT Furusund
36730525,residential,compacted,,,,,,,,False,False,False,False,SAT Furusund
36730526,residential,unpaved,,,,,,,,False,False,False,False,SAT Furusund
36730528,track,compacted,grade2,,,,,,,False,False,False,False,SAT Furusund
37905312,residential,compacted,,,,,,,,False,False,False,False,SAT Furusund
37905313,residential,compacted,,,,,,,,False,False,False,False,SAT Furusund
37905315,path,dirt,,,,,,,,False,True,True,False,SAT Furusund
303440182,residential,compacted,,,,,,,,False,False,False,False,SAT Furusund
377021718,path,grass,,,,,,,,False,True,True,False,SAT Furusund
641493537,path,dirt,,,,,,,,False,True,True,False,SAT Furusund
641493538,path,dirt,,,,,,,,False,True,True,False,SAT Furusund
641493539,path,,,,,,,,,True,True,True,False,SAT Furusund
641493541,path,,,,,,,,,True,True,True,False,SAT Furusund
641493542,path,dirt,,,,,,,,False,True,True,False,SAT Furusund
641493543,path,dirt,,,,,,,,False,True,True,False,SAT Furusund
641493544,track,compacted,grade2,,,,,,,False,False,False,False,SAT Furusund
641563023,service,compacted,,,,,,,,False,False,False,False,SAT Furusund
715079501,steps,,,,,,,,,True,False,False,False,SAT Furusund
949099729,path,dirt,,,,,,,,False,True,True,False,SAT Furusund
1158721589,residential,compacted,,,,,,,,False,False,False,False,SAT Furusund
1158721590,residential,compacted,,,,,,,,False,False,False,False,SAT Furusund
1303745448,path,,,,,,,,,True,True,True,False,SAT Furusund
1303745449,path,,,,,,,,,True,True,True,False,SAT Furusund
1379164662,residential,compacted,,,,,,,,False,False,False,False,SAT Furusund
1379164663,secondary,asphalt,,,,,,,,False,False,False,False,SAT Furusund
1379164665,path,dirt,,,,,,,,False,True,True,False,SAT Furusund
1379164666,path,unpaved,,,,,,,,False,True,True,False,SAT Furusund
1379164667,path,dirt,,,,,,,,False,True,True,False,SAT Furusund
1379164668,residential,asphalt,,,,,,,,False,False,False,False,SAT Furusund
1379164669,residential,asphalt,,,,,,,,False,False,False,False,SAT Furusund
1379164671,tertiary,asphalt,,,,,,,,False,False,False,False,SAT Furusund
1379164673,path,,,,,,,,,True,True,True,False,SAT Furusund
1379164674,path,,,,,,,,,True,True,True,False,SAT Furusund
1379164675,service,,,,,,,,,True,False,False,False,SAT Furusund
1379164676,tertiary,asphalt,,,,,,,,False,False,False,False,SAT Furusund
1379164677,residential,compacted,,,,,,,,False,False,False,False,SAT Furusund
1379164679,residential,compacted,,,,,,,,False,False,False,False,SAT Furusund
1379164681,residential,compacted,,,,,,,,False,False,False,False,SAT Furusund
1379164688,residential,compacted,,,,,,,,False,False,False,False,SAT Furusund
1379164690,track,gravel,grade2,,,,,,,False,False,False,False,SAT Furusund
72350505,track,,,,,,,,,True,False,False,False,SAT Grinda
72350510,track,,grade2,yes,yes,,,,,True,False,False,False,SAT Grinda
72350511,track,,grade1,yes,yes,,,,,True,False,False,False,SAT Grinda
72350520,footway,wood,,,,,,,,False,True,True,False,SAT Grinda
72716862,path,,,,,,,,,True,True,True,False,SAT Grinda
72716866,path,dirt,,,,,,,,False,True,True,False,SAT Grinda
239983317,path,dirt,,,,,,,,False,True,True,False,SAT Grinda
424500643,path,compacted,,,,,,,,False,True,True,False,SAT Grinda
424500644,path,,,,,,,,,True,True,True,False,SAT Grinda
427182338,footway,,,,yes,,,,,True,True,True,False,SAT Grinda
846691155,path,,,,,,,,,True,True,True,False,SAT Grinda
846691156,path,,,,,,,,,True,True,True,False,SAT Grinda
940430627,path,,,,,,,,,True,True,True,False,SAT Grinda
1383521890,footway,wood,,,,,,,,False,True,True,False,SAT Grinda
1383521891,track,fine_gravel,,,,,,,,False,False,False,False,SAT Grinda
1383521893,track,,grade1,yes,yes,,,,,True,False,False,False,SAT Grinda
1383521895,path,,,,,,,,,True,True,True,False,SAT Grinda
1383521896,track,compacted,grade2,yes,yes,,,,,False,False,False,False,SAT Grinda
1383521899,path,,,,,,,,,True,True,True,False,SAT Grinda
1383521900,track,,,yes,yes,,,,,True,False,False,False,SAT Grinda
1383521901,track,,,yes,yes,,,,,True,False,False,False,SAT Grinda
1383521902,track,,grade2,yes,yes,,,,,True,False,False,False,SAT Grinda
1383521903,footway,,,,,,,,,True,True,True,False,SAT Grinda
1383521904,path,,,,,,,,,True,True,True,False,SAT Grinda
1383521906,path,,,,,,,,,True,True,True,False,SAT Grinda
1383521907,path,,,,,,,,,True,True,True,False,SAT Grinda
1383521909,path,,,,,,,,,True,True,True,False,SAT Grinda
1383521911,path,,,,,,,,,True,True,True,False,SAT Grinda
1383521912,path,,,,,,,,,True,True,True,False,SAT Grinda
1383521913,path,,,,,,,,,True,True,True,False,SAT Grinda
1383521916,path,,,,,,,,,True,True,True,False,SAT Grinda
1383521917,path,,,,,,,,,True,True,True,False,SAT Grinda
1383521919,path,,,,,,,,,True,True,True,False,SAT Grinda
1383521920,path,,,,,,,,,True,True,True,False,SAT Grinda
1383521922,path,,,,,,,,,True,True,True,False,SAT Grinda
1383521924,path,dirt,,,,,,,,False,True,True,False,SAT Grinda
1383521925,path,,,,,,,,,True,True,True,False,SAT Grinda
1383521926,track,,,yes,yes,,,,,True,False,False,False,SAT Grinda
1383521927,track,,,yes,yes,,,,,True,False,False,False,SAT Grinda
1383521929,path,dirt,,,,,,,,False,True,True,False,SAT Grinda
39504804,unclassified,compacted,,,,,,,,False,False,False,False,SAT Ingmarsö
39504805,path,ground,,,,,,,,False,True,True,False,SAT Ingmarsö
39504808,,,,,,,,,https://upload.wikimedia.org/wikipedia/commons/thumb/c/c0/B%C3%A5tluffarleden_Finnhamns_sidan_01.jpg/1536px-B%C3%A5tluffarleden_Finnhamns_sidan_01.jpg?fbclid=IwQ0xDSwMGdJVleHRuA2FlbQIxMQABHgPg9_qauG70Ra2Wzp-_Pq0U5kZqOmTrpXlEvnl_lN1adlz2Bjld657nrbCN_aem_eQ,True,False,False,False,SAT Ingmarsö
506646172,unclassified,compacted,,,,,,,,False,False,False,False,SAT Ingmarsö
620363896,path,,,,,,,,,True,True,True,False,SAT Ingmarsö
620363911,service,compacted,,,,,,,,False,False,False,False,SAT Ingmarsö
620363927,service,compacted,,,,,,,,False,False,False,False,SAT Ingmarsö
620363929,service,compacted,,,,,,,,False,False,False,False,SAT Ingmarsö
620363942,path,,,,,,,,,True,True,True,False,SAT Ingmarsö
620363994,path,wood,,,,,,,,False,True,True,False,SAT Ingmarsö
620363995,path,,,,,,,,,True,True,True,False,SAT Ingmarsö
620363998,path,wood,,,,,,,,False,True,True,False,SAT Ingmarsö
620363999,path,ground,,,,,,,,False,True,True,False,SAT Ingmarsö
620364001,path,ground,,,,,,,,False,True,True,False,SAT Ingmarsö
620364005,unclassified,compacted,,,,,,,,False,False,False,False,SAT Ingmarsö
871057148,path,,,,,,,,,True,True,True,False,SAT Ingmarsö
871057151,path,,,,,,,,,True,True,True,False,SAT Ingmarsö
871057156,track,,,,,,,,,True,False,False,False,SAT Ingmarsö
967578969,path,,,,,,,,,True,True,True,False,SAT Ingmarsö
1191364249,unclassified,gravel,,,,,,,,False,False,False,False,SAT Ingmarsö
1191458756,unclassified,,,,,,,,,True,False,False,False,SAT Ingmarsö
1383585554,service,compacted,,,,,,,,False,False,False,False,SAT Ingmarsö
1383585555,path,,,,,,,,,True,True,True,False,SAT Ingmarsö
1383585561,unclassified,compacted,,,,,,,,False,False,False,False,SAT Ingmarsö
1383585562,path,,,,,,,,,True,True,True,False,SAT Ingmarsö
1383585563,path,,,,,,,,,True,True,True,False,SAT Ingmarsö
1383585564,unclassified,compacted,,,,,,,,False,False,False,False,SAT Ingmarsö
1383585566,unclassified,compacted,,,,,,,,False,False,False,False,SAT Ingmarsö
1383585568,unclassified,compacted,,,,,,,,False,False,False,False,SAT Ingmarsö
1383585569,unclassified,compacted,,,,,,,,False,False,False,False,SAT Ingmarsö
1383585570,unclassified,compacted,,,,,,,,False,False,False,False,SAT Ingmarsö
124969293,residential,unpaved,,,,,,,,False,False,False,False,SAT Landsort
290717947,residential,compacted,,,,,,,,False,False,False,False,SAT Landsort
290717948,unclassified,compacted,,,,,,,,False,False,False,False,SAT Landsort
290717953,track,compacted,,,,,,,,False,False,False,False,SAT Landsort
290717954,footway,dirt,,,,,,,,False,True,True,False,SAT Landsort
383557305,residential,unpaved,,,,,,,,False,False,False,False,SAT Landsort
625285517,residential,compacted,,,,,,,,False,False,False,False,SAT Landsort
694122178,residential,compacted,,,,,,,,False,False,False,False,SAT Landsort
694122181,path,,,,,,,,,True,True,True,False,SAT Landsort
694128676,path,,,,,,,,,True,True,True,False,SAT Landsort
694129098,footway,dirt,,,,,,,,False,True,True,False,SAT Landsort
694129099,steps,wood,,,,,,,,False,False,False,False,SAT Landsort
712239937,path,ground,,,,,,,,False,True,True,False,SAT Landsort
956131491,path,dirt,,,,,,,,False,True,True,False,SAT Landsort
956131492,path,,,,,,,,,True,True,True,False,SAT Landsort
1059080130,footway,compacted,,,,,,,,False,True,True,False,SAT Landsort
1064115027,path,,,,,,,,,True,True,True,False,SAT Landsort
1178578024,path,dirt,,,,,,,,False,True,True,False,SAT Landsort
1178578025,steps,dirt,,,,,,,,False,False,False,False,SAT Landsort
1178578767,service,compacted,,,,,,,,False,False,False,False,SAT Landsort
1378978024,unclassified,compacted,,,,,,,,False,False,False,False,SAT Landsort
1378978028,residential,compacted,,,,,,,,False,False,False,False,SAT Landsort
1378978029,track,,,,,,,,,True,False,False,False,SAT Landsort
1378978031,path,,,,,,,,https://upload.wikimedia.org/wikipedia/commons/5/5f/%C3%96jaleden.jpg,True,True,True,False,SAT Landsort
1378978032,track,,,,,,,,,True,False,False,False,SAT Landsort
1378978033,track,,,,,,,,,True,False,False,False,SAT Landsort
1378978034,path,,,,,,,,,True,True,True,False,SAT Landsort
1378978035,track,,,,,,,,,True,False,False,False,SAT Landsort
1378978036,path,,,,,,,,,True,True,True,False,SAT Landsort
1378978038,path,,,,,,,,,True,True,True,False,SAT Landsort
1378978039,path,,,,,,,,,True,True,True,False,SAT Landsort
1378978040,unclassified,compacted,,,,,,,,False,False,False,False,SAT Landsort
1378978041,residential,unpaved,,,,,,,,False,False,False,False,SAT Landsort
1423616382,path,,,,,,,,,True,True,True,False,SAT Landsort
1423616383,steps,,,,,,,,,True,False,False,False,SAT Landsort
171236403,track,gravel,grade1,,,,,,,False,False,False,False,SAT Lidö
171926863,track,gravel,grade1,,,,,,,False,False,False,False,SAT Lidö
176915738,footway,,,,,,,,,True,True,True,False,SAT Lidö
435137664,path,unpaved,,,,hiking,excellent,,,False,True,False,False,SAT Lidö
435141217,footway,,grade2,yes,yes,,,bad,,True,False,True,True,SAT Lidö
435141222,path,unpaved,,yes,yes,hiking,excellent,,,False,False,False,False,SAT Lidö
435939954,track,,grade1,,,,,,,True,False,False,False,SAT Lidö
440733581,footway,,,,,,,,,True,True,True,False,SAT Lidö
1193405455,track,,grade1,,,,,,,True,False,False,False,SAT Lidö
1194953573,path,unpaved,,yes,yes,hiking,excellent,,,False,False,False,False,SAT Lidö
1194953574,path,ground,,yes,yes,hiking,excellent,,,False,False,False,False,SAT Lidö
1379409384,track,gravel,grade1,yes,,,,,,False,False,False,False,SAT Lidö
1379409385,track,gravel,grade1,yes,,,,,,False,False,False,False,SAT Lidö
1379409389,track,,grade1,,,,,,,True,False,False,False,SAT Lidö
1379409391,track,gravel,grade1,,,,,,,False,False,False,False,SAT Lidö
1379409393,path,,,,,,,,,True,True,True,False,SAT Lidö
1379409394,track,compacted,grade1,yes,,,,very_bad,,False,False,False,False,SAT Lidö
1379409395,track,compacted,grade1,yes,,,,very_bad,,False,False,False,False,SAT Lidö
1379409396,track,,grade1,,,,,,,True,False,False,False,SAT Lidö
204940778,tertiary,compacted,,,,,,,,False,False,False,False,SAT Möja
226054885,tertiary,asphalt,,,,,,excellent,,False,False,False,False,SAT Möja
226055509,tertiary,compacted,,,,,,,,False,False,False,False,SAT Möja
575085733,tertiary,compacted,,,,,,good,,False,False,False,False,SAT Möja
620328418,service,compacted,,,,,,,,False,False,False,False,SAT Möja
1123596940,tertiary,asphalt,,,,,,excellent,,False,False,False,False,SAT Möja
1199632614,tertiary,compacted,,,,,,,,False,False,False,False,SAT Möja
1305240954,tertiary,compacted,,,,,,good,,False,False,False,False,SAT Möja
1380094358,path,,,,,,,,,True,True,True,False,SAT Möja
1380094359,tertiary,compacted,,,,,,good,,False,False,False,False,SAT Möja
81238540,unclassified,gravel,,,,,,bad,,False,False,False,False,SAT Nämdö
81238553,unclassified,gravel,,,,,,bad,,False,False,False,False,SAT Nämdö
81238564,track,,,,,,,,,True,False,False,False,SAT Nämdö
81238579,track,,grade5,,,,,,,True,False,False,False,SAT Nämdö
116730474,path,compacted,,,,,good,,,False,True,True,False,SAT Nämdö
319101537,unclassified,gravel,,,,,,,,False,False,False,False,SAT Nämdö
674095793,track,gravel,grade2,,,,,,,False,False,False,False,SAT Nämdö
833862787,track,,grade2,,,,,,,True,False,False,False,SAT Nämdö
833862789,path,,,,,,excellent,,,True,True,True,False,SAT Nämdö
833862790,track,,grade5,,,,,,,True,False,False,False,SAT Nämdö
833862800,track,,grade3,,,,,,,True,False,False,False,SAT Nämdö
833889546,path,wood,,,,,intermediate,,,False,True,True,False,SAT Nämdö
833889547,path,,,,,,intermediate,,,True,True,True,False,SAT Nämdö
833889548,path,,,,,,intermediate,,,True,True,True,False,SAT Nämdö
833889559,path,,,,,,,,,True,True,True,False,SAT Nämdö
833889567,track,,grade5,,,,,,,True,False,False,False,SAT Nämdö
833889588,track,wood,grade5,,,,,,,False,False,False,False,SAT Nämdö
834034405,track,,grade3,,,,,,,True,False,False,False,SAT Nämdö
1123596347,unclassified,gravel,,,,,,,,False,False,False,False,SAT Nämdö
1123596512,unclassified,gravel,,,,,,bad,,False,False,False,False,SAT Nämdö
1378968890,track,,grade5,,,,,,,True,False,False,False,SAT Nämdö
1378968891,path,,,,,,,,,True,True,True,False,SAT Nämdö
1378968892,track,,grade5,,,,,,,True,False,False,False,SAT Nämdö
1378968894,unclassified,gravel,,,,,,bad,,False,False,False,False,SAT Nämdö
1378968895,footway,,,,,,,,,True,True,True,False,SAT Nämdö
226135411,track,gravel,grade2,,,,,,,False,False,False,False,SAT Nåttarö
322935684,track,gravel,grade2,,,,,very_bad,,False,False,False,False,SAT Nåttarö
322935685,track,,,,,,,,,True,False,False,False,SAT Nåttarö
322935686,track,,grade3,,,,,,,True,False,False,False,SAT Nåttarö
834644240,track,gravel,grade2,,,,,,,False,False,False,False,SAT Nåttarö
1074229918,path,,,,,,,,,True,True,True,False,SAT Nåttarö
1297735668,path,,,,,,,,,True,True,True,False,SAT Nåttarö
1379074970,track,,,,,,,,,True,False,False,False,SAT Nåttarö
1379074971,path,,,,,,,,,True,True,True,False,SAT Nåttarö
1379074972,path,,,,,,,,,True,True,True,False,SAT Nåttarö
1379074974,path,,,,,,,,,True,True,True,False,SAT Nåttarö
1379074975,track,gravel,grade2,,,,,very_bad,,False,False,False,False,SAT Nåttarö
1379074977,track,gravel,grade2,,,,,very_bad,,False,False,False,False,SAT Nåttarö
1379074979,track,gravel,grade2,,,,,,,False,False,False,False,SAT Nåttarö
40486345,residential,asphalt,,,,,,,,False,False,False,False,SAT Ornö
40545881,residential,gravel,,,,,,,,False,False,False,False,SAT Ornö
41832149,unclassified,gravel,,,,,,,,False,False,False,False,SAT Ornö
46844438,service,gravel,,,,,,,,False,False,False,False,SAT Ornö
46844508,unclassified,compacted,,,,,,,,False,False,False,False,SAT Ornö
46844511,unclassified,compacted,,,,,,,,False,False,False,False,SAT Ornö
181270137,unclassified,,,,,,,,,True,False,False,False,SAT Ornö
204940775,tertiary,asphalt,,,,,,,,False,False,False,False,SAT Ornö
220619777,path,dirt,,,,,excellent,,,False,True,True,False,SAT Ornö
220619779,path,,,,,,,,,True,True,True,False,SAT Ornö
220702565,service,compacted,,,yes,,,,,False,False,False,False,SAT Ornö
222311523,path,,,,,,,,,True,True,True,False,SAT Ornö
222311524,footway,,,,,,,,,True,True,True,False,SAT Ornö
222311527,path,unpaved,,,,,,,,False,True,True,False,SAT Ornö
222311528,path,,,,,,,,,True,True,True,False,SAT Ornö
608360665,tertiary,asphalt,,,,,,,,False,False,False,False,SAT Ornö
648540379,path,dirt,,,,,excellent,,,False,True,True,False,SAT Ornö
648688048,track,dirt,grade5,,,,excellent,,,False,False,False,False,SAT Ornö
648692402,path,dirt,,,,,,,,False,True,True,False,SAT Ornö
652070895,path,dirt,,,,,excellent,,,False,True,True,False,SAT Ornö
826466942,track,,,,,,,,,True,False,False,False,SAT Ornö
826479025,residential,compacted,,,,,,,,False,False,False,False,SAT Ornö
830744789,path,dirt,,,,,,,,False,True,True,False,SAT Ornö
830749317,path,dirt,,,,,,,,False,True,True,False,SAT Ornö
837561059,path,dirt,,,,,,,,False,True,True,False,SAT Ornö
838955704,unclassified,compacted,,,,,,,,False,False,False,False,SAT Ornö
839495206,footway,compacted,,,,,excellent,,,False,True,True,False,SAT Ornö
839499386,service,compacted,,,yes,,,,,False,False,False,False,SAT Ornö
839668974,track,gravel,grade1,,,,,,,False,False,False,False,SAT Ornö
839716387,path,grass,,,,,,,,False,True,True,False,SAT Ornö
839716388,footway,,,,,,,,,True,True,True,False,SAT Ornö
840613164,path,,,,,,,,,True,True,True,False,SAT Ornö
840613165,path,,,,,,,,,True,True,True,False,SAT Ornö
840633209,path,,,,,,,,,True,True,True,False,SAT Ornö
857514638,path,dirt,,,,,excellent,,,False,True,True,False,SAT Ornö
857514640,track,,grade2,,,,excellent,,,True,False,False,False,SAT Ornö
857526163,track,dirt,grade5,,,,excellent,,,False,False,False,False,SAT Ornö
857526164,path,grass,,,,,excellent,,,False,True,True,False,SAT Ornö
857829728,path,wood,,,,,,,,False,True,True,False,SAT Ornö
857829729,path,dirt,,,,,excellent,,,False,True,True,False,SAT Ornö
857829730,path,wood,,,,,excellent,,,False,True,True,False,SAT Ornö
857829731,path,dirt,,,,,excellent,,,False,True,True,False,SAT Ornö
857829732,path,wood,,,,,excellent,,,False,True,True,False,SAT Ornö
865699703,path,dirt,,,,,excellent,,,False,True,True,False,SAT Ornö
865699705,path,dirt,,,,,excellent,,,False,True,True,False,SAT Ornö
865725206,tertiary,asphalt,,,,,,,,False,False,False,False,SAT Ornö
1091664252,path,wood,,,,,,,,False,True,True,False,SAT Ornö
1091664256,path,compacted,,,,,,,,False,True,True,False,SAT Ornö
1131596357,tertiary,asphalt,,,,,,,,False,False,False,False,SAT Ornö
1132070670,residential,gravel,,,,,,,,False,False,False,False,SAT Ornö
1184434967,path,dirt,,,,,excellent,,,False,True,True,False,SAT Ornö
1189966059,service,asphalt,,,,,,,,False,False,False,False,SAT Ornö
1190139359,path,dirt,,,,,excellent,,,False,True,True,False,SAT Ornö
1190139361,service,compacted,,,yes,,,,,False,False,False,False,SAT Ornö
1191185349,unclassified,gravel,,,,,,,,False,False,False,False,SAT Ornö
1191194642,unclassified,gravel,,,,,,,,False,False,False,False,SAT Ornö
1195532667,path,dirt,,,,,,,,False,True,True,False,SAT Ornö
1380103254,tertiary,asphalt,,,,,,,,False,False,False,False,SAT Ornö
1380103255,residential,compacted,,,,,,,,False,False,False,False,SAT Ornö
1380103256,tertiary,asphalt,,,,,,,,False,False,False,False,SAT Ornö
1380103258,tertiary,asphalt,,,,,,,,False,False,False,False,SAT Ornö
1380103259,track,,grade2,,,,excellent,,,True,False,False,False,SAT Ornö
1380103260,path,dirt,,,,,excellent,,,False,True,True,False,SAT Ornö
1380103262,tertiary,asphalt,,,,,,,,False,False,False,False,SAT Ornö
1380103266,footway,dirt,,,,,,,,False,True,True,False,SAT Ornö
1380103269,path,,,,,,,,,True,True,True,False,SAT Ornö
1380103270,unclassified,compacted,,,,,,,,False,False,False,False,SAT Ornö
1380103271,unclassified,gravel,,,,,,,,False,False,False,False,SAT Ornö
1380103273,tertiary,compacted,,,,,,,,False,False,False,False,SAT Ornö
1380103274,tertiary,asphalt,,,,,,,,False,False,False,False,SAT Ornö
1380103281,path,dirt,,,,,excellent,,,False,True,True,False,SAT Ornö
1380103283,path,dirt,,,,,,,,False,True,True,False,SAT Ornö
39050032,residential,unpaved,,yes,yes,,,,,False,False,False,False,SAT Runmarö
39050037,residential,unpaved,,yes,yes,,,,,False,False,False,False,SAT Runmarö
204940779,tertiary,,,,,,,,,True,False,False,False,SAT Runmarö
241186785,track,,grade1,,,,,,,True,False,False,False,SAT Runmarö
241186787,track,,grade1,yes,yes,,,,,True,False,False,False,SAT Runmarö
241186790,residential,unpaved,,yes,yes,,,,,False,False,False,False,SAT Runmarö
241186791,residential,compacted,,,,,,,,False,False,False,False,SAT Runmarö
241188057,residential,unpaved,,yes,yes,,,,,False,False,False,False,SAT Runmarö
265419138,footway,,,,,,,,,True,True,True,False,SAT Runmarö
422218088,footway,,,,,,,,,True,True,True,False,SAT Runmarö
422218090,footway,,,,,,,,,True,True,True,False,SAT Runmarö
422218092,track,,grade5,,,,,,,True,False,False,False,SAT Runmarö
495386380,track,,,,,,,,,True,False,False,False,SAT Runmarö
495386442,footway,,,,,,,,,True,True,True,False,SAT Runmarö
871057884,path,,,,,,,,,True,True,True,False,SAT Runmarö
871057885,path,,,,,,,,,True,True,True,False,SAT Runmarö
871057887,path,,,,,,,,,True,True,True,False,SAT Runmarö
871057888,path,,,,,,,,,True,True,True,False,SAT Runmarö
871057892,path,,,,,,,,,True,True,True,False,SAT Runmarö
1054675154,path,,,,,,,,,True,True,True,False,SAT Runmarö
1378968859,tertiary,gravel,,,,,,,,False,False,False,False,SAT Runmarö
1378968860,tertiary,gravel,,,,,,,,False,False,False,False,SAT Runmarö
1378968862,unclassified,,,yes,,,,,,True,False,False,False,SAT Runmarö
1378968863,path,,,,,,,,,True,True,True,False,SAT Runmarö
1378968865,tertiary,gravel,,,,,,,,False,False,False,False,SAT Runmarö
1378968867,tertiary,gravel,,,,,,,,False,False,False,False,SAT Runmarö
1378968869,unclassified,,,,,,,,,True,False,False,False,SAT Runmarö
1378968870,unclassified,,,yes,,,,,,True,False,False,False,SAT Runmarö
1378968872,track,,grade5,yes,yes,,,,,True,False,False,False,SAT Runmarö
1378968873,track,,grade5,yes,yes,,,,,True,False,False,False,SAT Runmarö
1378968874,track,,grade2,yes,yes,,,,,True,False,False,False,SAT Runmarö
1378968876,path,,,,,,,,,True,True,True,False,SAT Runmarö
1378968877,path,,,,,,,,,True,True,True,False,SAT Runmarö
1378968878,unclassified,gravel,,yes,yes,,,,,False,False,False,False,SAT Runmarö
1378968879,unclassified,compacted,,yes,yes,,,,,False,False,False,False,SAT Runmarö
1409694667,footway,,,,,,,,,True,True,True,False,SAT Runmarö
125315360,track,gravel,,yes,yes,hiking,good,bad,https://upload.wikimedia.org/wikipedia/commons/e/e8/SAT_R%C3%A5n%C3%B6_2_apr_2025_%2826%29.jpg,False,False,False,False,SAT Rånö
223271530,unclassified,gravel,,,,hiking,excellent,intermediate,https://upload.wikimedia.org/wikipedia/commons/2/20/SAT_R%C3%A5n%C3%B6_2_apr_2025_%2845%29.jpg,False,False,False,False,SAT Rånö
223271536,track,gravel,grade2,yes,yes,,,good,https://upload.wikimedia.org/wikipedia/commons/e/e8/SAT_R%C3%A5n%C3%B6_2_apr_2025_%2828%29.jpg,False,False,False,False,SAT Rånö
503252478,path,compacted,,,,,,impassable,,False,True,True,False,SAT Rånö
512145739,path,,,,,,,,,True,True,True,False,SAT Rånö
612608042,path,grass,grade4,designated,permissive,hiking,intermediate,bad,https://upload.wikimedia.org/wikipedia/commons/thumb/a/a9/SAT_R%C3%A5n%C3%B6_vandring_2025_april_2_14.jpg/3024px-SAT_R%C3%A5n%C3%B6_vandring_2025_april_2_14.jpg,False,False,False,True,SAT Rånö
1051900724,path,,,,,,,,,True,True,True,False,SAT Rånö
1379152365,unclassified,gravel,,,,,,horrible,,False,False,False,False,SAT Rånö
1379152366,path,ground,,,,hiking,intermediate,,https://upload.wikimedia.org/wikipedia/commons/thumb/c/c2/SAT_R%C3%A5n%C3%B6_april_vandring_15.jpg/3024px-SAT_R%C3%A5n%C3%B6_april_vandring_15.jpg,False,True,False,False,SAT Rånö
1379152367,path,,,,,,,,,True,True,True,False,SAT Rånö
1379152370,unclassified,gravel,,,,,,horrible,,False,False,False,False,SAT Rånö
1379152371,unclassified,gravel,,,,,,horrible,,False,False,False,False,SAT Rånö
1379152373,unclassified,gravel,,,,,,very_bad,,False,False,False,False,SAT Rånö
1379152374,unclassified,gravel,,,,,,very_bad,,False,False,False,False,SAT Rånö
39773043,service,unpaved,,,yes,,,,,False,False,False,False,SAT Sandhamn
64781887,residential,compacted,,,yes,,,,,False,False,False,False,SAT Sandhamn
64781889,path,dirt,,yes,,,,,,False,False,True,False,SAT Sandhamn
73172857,footway,,,,yes,,,,,True,True,True,False,SAT Sandhamn
125055937,footway,,,,,,,,,True,True,True,False,SAT Sandhamn
125055941,footway,compacted,,,yes,,,,,False,True,True,False,SAT Sandhamn
125532291,service,unpaved,,,yes,,,,,False,False,False,False,SAT Sandhamn
125532644,footway,,,,yes,,,,,True,True,True,False,SAT Sandhamn
125533048,footway,,,,yes,,,,,True,True,True,False,SAT Sandhamn
242013209,service,unpaved,,,yes,,,,,False,False,False,False,SAT Sandhamn
329732355,service,unpaved,,,yes,,,,,False,False,False,False,SAT Sandhamn
589296982,path,,,,,,,,,True,True,True,False,SAT Sandhamn
589296986,track,unpaved,,,yes,,,,,False,False,False,False,SAT Sandhamn
589298535,path,dirt,,,,,,,,False,True,True,False,SAT Sandhamn
589299278,path,,,,,,,,,True,True,True,False,SAT Sandhamn
1037399670,footway,,,,yes,,,,,True,True,True,False,SAT Sandhamn
1037399686,residential,unpaved,,,yes,,,,,False,False,False,False,SAT Sandhamn
1037399709,footway,,,,yes,,,,,True,True,True,False,SAT Sandhamn
1054645901,path,,,,,,,,,True,True,True,False,SAT Sandhamn
1138295977,service,unpaved,,,yes,,,,,False,False,False,False,SAT Sandhamn
1145615563,footway,,,,yes,,,,,True,True,True,False,SAT Sandhamn
1145615570,footway,,,,,,,,,True,True,True,False,SAT Sandhamn
1145615580,residential,unpaved,,,,,,,,False,False,False,False,SAT Sandhamn
1383592501,path,dirt,,,,,,,,False,True,True,False,SAT Sandhamn
1383592503,track,unpaved,,,,,,,,False,False,False,False,SAT Sandhamn
1383592504,residential,unpaved,,,yes,,,,,False,False,False,False,SAT Sandhamn
1383592505,residential,unpaved,,,yes,,,,,False,False,False,False,SAT Sandhamn
1383592507,path,,,,,,,,,True,True,True,False,SAT Sandhamn
1383592510,residential,unpaved,,,yes,,,,,False,False,False,False,SAT Sandhamn
1383592512,residential,unpaved,,,yes,,,,,False,False,False,False,SAT Sandhamn
1383592516,residential,compacted,,,yes,,,,,False,False,False,False,SAT Sandhamn
1383592522,footway,,,,yes,,,,,True,True,True,False,SAT Sandhamn
1383592523,path,,,,,,,,,True,True,True,False,SAT Sandhamn
1383592524,footway,,,yes,,,,,,True,False,True,False,SAT Sandhamn
1383592526,service,unpaved,,,yes,,,,,False,False,False,False,SAT Sandhamn
1383592527,service,unpaved,,,,,,,,False,False,False,False,SAT Sandhamn
1383592530,path,,,,,,,,,True,True,True,False,SAT Sandhamn
1383592532,path,dirt,,,,hiking,,,,False,True,True,False,SAT Sandhamn
1383592534,path,,,,,,,,,True,True,True,False,SAT Sandhamn
1383592535,path,dirt,,,,,,,,False,True,True,False,SAT Sandhamn
1424143069,path,dirt,,,,,,,,False,True,True,False,SAT Sandhamn
68314896,track,,grade1,,,,,,,True,False,False,False,SAT Svartsö
68315087,unclassified,,,yes,yes,,,,,True,False,False,False,SAT Svartsö
68315089,track,,grade2,,,,,,,True,False,False,False,SAT Svartsö
68316462,track,,grade2,,,,,,,True,False,False,False,SAT Svartsö
68318569,track,,grade2,,,,,,,True,False,False,False,SAT Svartsö
68318577,track,,grade1,,,,,,,True,False,False,False,SAT Svartsö
68318583,unclassified,,,,,,,,,True,False,False,False,SAT Svartsö
498918463,track,grass,,,,,,,,False,False,False,False,SAT Svartsö
498918465,path,,,,,,,,,True,True,True,False,SAT Svartsö
793271424,path,dirt,,,,,,,,False,True,True,False,SAT Svartsö
793276312,path,,,,,,,,,True,True,True,False,SAT Svartsö
793276313,path,,,,,,,,,True,True,True,False,SAT Svartsö
793276314,track,,,,,,,,,True,False,False,False,SAT Svartsö
955498375,path,,,,,,,,,True,True,True,False,SAT Svartsö
1379069315,unclassified,,,,,,,,,True,False,False,False,SAT Svartsö
1379069316,path,,,,,,,,,True,True,True,False,SAT Svartsö
1379069319,path,dirt,,,,,,,,False,True,True,False,SAT Svartsö
1379069320,unclassified,,,yes,yes,,,,,True,False,False,False,SAT Svartsö
1379069321,unclassified,,,yes,yes,,,,,True,False,False,False,SAT Svartsö
1379069322,track,,grade4,,,,,,,True,False,False,False,SAT Svartsö
1379069324,path,,,,,,,,,True,True,True,False,SAT Svartsö
1379069325,unclassified,,,yes,yes,,,,,True,False,False,False,SAT Svartsö
1379069326,unclassified,,,yes,yes,,,,,True,False,False,False,SAT Svartsö
1379069327,track,,grade1,yes,yes,,,,,True,False,False,False,SAT Svartsö
1379069328,unclassified,,,yes,yes,,,,,True,False,False,False,SAT Svartsö
1379069330,track,,grade1,,,,,,,True,False,False,False,SAT Svartsö
1379069331,unclassified,,,,,,,,,True,False,False,False,SAT Svartsö
1379147968,track,,grade1,,,,,,,True,False,False,False,SAT Svartsö
36359861,unclassified,,,,,,,,,True,False,False,False,SAT Utö
36359883,track,,,,,,,,,True,False,False,False,SAT Utö
36359907,footway,,,,,,,,,True,True,True,False,SAT Utö
74354596,unclassified,,,,,,,,,True,False,False,False,SAT Utö
117258444,unclassified,gravel,,,,,,bad,,False,False,False,False,SAT Utö
127977131,footway,,,,yes,,,,,True,True,True,False,SAT Utö
128302629,unclassified,,,,,,,,,True,False,False,False,SAT Utö
128302632,track,,,,,,,,,True,False,False,False,SAT Utö
229605213,footway,,,,,,,,,True,True,True,False,SAT Utö
237190149,footway,,,,yes,,,,,True,True,True,False,SAT Utö
316937896,footway,,,,,,,,,True,True,True,False,SAT Utö
511905314,tertiary,gravel,,,,,,bad,,False,False,False,False,SAT Utö
511905315,tertiary,gravel,,,,,,bad,,False,False,False,False,SAT Utö
692628414,path,ground,,,,,,,,False,True,True,False,SAT Utö
715379970,path,unpaved,,,,,,,,False,True,True,False,SAT Utö
715379973,path,,,,,,,,,True,True,True,False,SAT Utö
715379974,path,,,,,,,,,True,True,True,False,SAT Utö
715379975,path,,,,,,,,,True,True,True,False,SAT Utö
715379977,path,,,,,,,,,True,True,True,False,SAT Utö
715379979,path,,,,,,,,,True,True,True,False,SAT Utö
715379982,path,,,,,,,,,True,True,True,False,SAT Utö
715379984,path,,,,,,,,,True,True,True,False,SAT Utö
715379985,path,,,,,,,,,True,True,True,False,SAT Utö
715379990,residential,,,,,,,,,True,False,False,False,SAT Utö
715379996,unclassified,gravel,,,,,,bad,,False,False,False,False,SAT Utö
715379997,path,,,,,,,,,True,True,True,False,SAT Utö
715380000,footway,,,,yes,,,,,True,True,True,False,SAT Utö
715380002,unclassified,,,,,,,,,True,False,False,False,SAT Utö
1054695350,path,,,,,,,,,True,True,True,False,SAT Utö
1378917574,footway,pebblestone,,,,,,,,False,True,True,False,SAT Utö
1378917576,tertiary,,,,,,,,,True,False,False,False,SAT Utö
1378917577,tertiary,gravel,,,yes,,,bad,,False,False,False,False,SAT Utö
1378917578,path,,,,,,,,,True,True,True,False,SAT Utö
1378917580,unclassified,,,,,,,,,True,False,False,False,SAT Utö
1378917582,residential,,,,,,,,,True,False,False,False,SAT Utö
1378917584,unclassified,gravel,,,,,,bad,,False,False,False,False,SAT Utö
1378917586,residential,,,,,,,,,True,False,False,False,SAT Utö
1378917588,tertiary,gravel,,,yes,,,bad,,False,False,False,False,SAT Utö
1420829704,path,dirt,,,,,intermediate,,,False,True,True,False,SAT Utö
1420829707,path,dirt,,,,,intermediate,,,False,True,True,False,SAT Utö
4631658,tertiary,asphalt,,,,,,,,False,False,False,False,SAT Yxlan
35674595,unclassified,unpaved,,,,,,,,False,False,False,False,SAT Yxlan
37905527,residential,compacted,,,,,,,,False,False,False,False,SAT Yxlan
37905528,residential,compacted,,,,,,,,False,False,False,False,SAT Yxlan
37905529,residential,unpaved,,,,,,,,False,False,False,False,SAT Yxlan
37905533,service,fine_gravel,,yes,yes,,,,,False,False,False,False,SAT Yxlan
265159992,residential,,,,,,,,,True,False,False,False,SAT Yxlan
267929093,unclassified,,,,,,,,,True,False,False,False,SAT Yxlan
267929130,unclassified,,,,,,,,,True,False,False,False,SAT Yxlan
267929133,unclassified,,,,,,,,,True,False,False,False,SAT Yxlan
267929737,residential,,,,,,,,,True,False,False,False,SAT Yxlan
327591928,track,gravel,,,,,,,,False,False,False,False,SAT Yxlan
327593035,path,unpaved,,,,,excellent,,,False,True,True,False,SAT Yxlan
360067491,track,,,,,,,,,True,False,False,False,SAT Yxlan
360070213,residential,,,,,,,,,True,False,False,False,SAT Yxlan
615509853,path,ground,,,,,intermediate,,,False,True,True,False,SAT Yxlan
615509854,steps,,,,,,,,,True,False,False,False,SAT Yxlan
615509855,path,,,,,,excellent,,,True,True,True,False,SAT Yxlan
615509856,path,,,,,,,,,True,True,True,False,SAT Yxlan
615509858,track,,,,,,,,,True,False,False,False,SAT Yxlan
615509860,path,ground,,,,hiking,excellent,,,False,True,False,False,SAT Yxlan
615509868,path,ground,,,,hiking,good,,,False,True,False,False,SAT Yxlan
615509884,path,ground,,,,hiking,excellent,,,False,True,False,False,SAT Yxlan
680667687,residential,,,,,,,,,True,False,False,False,SAT Yxlan
680667692,residential,,,,,,,,,True,False,False,False,SAT Yxlan
682477527,residential,,,,,,,,,True,False,False,False,SAT Yxlan
723956043,residential,,,,,,,,,True,False,False,False,SAT Yxlan
755588552,unclassified,,,,,,,,,True,False,False,False,SAT Yxlan
1054657372,path,,,,,,,,,True,True,True,False,SAT Yxlan
1054657373,path,,,,,,,,,True,True,True,False,SAT Yxlan
1054657377,path,,,,,,,,,True,True,True,False,SAT Yxlan
1054657379,path,,,,,,,,,True,True,True,False,SAT Yxlan
1054657380,path,,,,,,,,,True,True,True,False,SAT Yxlan
1054657382,path,,,,,,,,,True,True,True,False,SAT Yxlan
1054657383,path,,,,,,,,,True,True,True,False,SAT Yxlan
1054657385,path,,,,,,,,,True,True,True,False,SAT Yxlan
1054657386,path,,,,,,,,,True,True,True,False,SAT Yxlan
1118570414,unclassified,,,,,,,,,True,False,False,False,SAT Yxlan
1379412989,path,,,,,,,,,True,True,True,False,SAT Yxlan
1379412990,track,gravel,,,,,,,,False,False,False,False,SAT Yxlan
1379412991,residential,unpaved,,,,,,,,False,False,False,False,SAT Yxlan
1379412992,path,,,,,,,,,True,True,True,False,SAT Yxlan
1379412993,tertiary,asphalt,,,,,,,,False,False,False,False,SAT Yxlan
1379412999,tertiary,asphalt,,,,,,,,False,False,False,False,SAT Yxlan
1379413001,residential,,,,,,,,,True,False,False,False,SAT Yxlan
1379413002,residential,,,,,,,,,True,False,False,False,SAT Yxlan
1379413004,path,,,,,,,,,True,True,True,False,SAT Yxlan
1379413006,track,,,,,,,,,True,False,False,False,SAT Yxlan
1379413007,residential,,,,,,,,,True,False,False,False,SAT Yxlan
1379413009,unclassified,,,,,,,,,True,False,False,False,SAT Yxlan
1379413010,path,,,,,hiking,,,,True,True,True,False,SAT Yxlan
1379413011,path,,,,,,,,,True,True,True,False,SAT Yxlan
1379413014,residential,,,,,,,,,True,False,False,False,SAT Yxlan
1379413015,path,,,,,,,,,True,True,True,False,SAT Yxlan
1379413017,residential,,,,,,,,,True,False,False,False,SAT Yxlan
1379413018,path,,,,,hiking,good,,,True,True,False,False,SAT Yxlan
1379413019,path,,,,,,,,,True,True,True,False,SAT Yxlan
1379413020,unclassified,,,,,,,,,True,False,False,False,SAT Yxlan
1379413022,residential,,,,,,,,,True,False,False,False,SAT Yxlan
1379413023,residential,,,,,,,,,True,False,False,False,SAT Yxlan
1379413024,unclassified,,,,,,,,,True,False,False,False,SAT Yxlan
1379413025,tertiary,asphalt,,,,,,,,False,False,False,False,SAT Yxlan
1379413027,track,,,,,,,,,True,False,False,False,SAT Yxlan
1379413030,tertiary,asphalt,,,,,,,,False,False,False,False,SAT Yxlan
1379413034,residential,,,,,,,,,True,False,False,False,SAT Yxlan
1379413035,path,,,,,,,,,True,True,True,False,SAT Yxlan
1421126101,path,,,,,,,,,True,True,True,False,SAT Yxlan
1422086447,track,gravel,,,,,,,,False,False,False,False,SAT Yxlan
36359810,unclassified,gravel,,designated,yes,hiking,excellent,,https://upload.wikimedia.org/wikipedia/commons/f/fc/SAT_%C3%85l%C3%B6_vandring_2025_april_03.jpg,False,False,False,False,SAT Ålö
36359857,unclassified,gravel,,designated,yes,hiking,,intermediate,https://upload.wikimedia.org/wikipedia/commons/2/26/SAT_%C3%85l%C3%B6_vandring_2025_april_69.jpg,False,False,False,False,SAT Ålö
36362683,track,gravel,grade3,designated,yes,hiking,excellent,intermediate,https://upload.wikimedia.org/wikipedia/commons/thumb/f/fa/%C3%85l%C3%B6_och_Stora_sand_20250805_09.jpg/3024px-%C3%85l%C3%B6_och_Stora_sand_20250805_09.jpg,False,False,False,False,SAT Ålö
336092845,path,ground,grade4,designated,permissive,hiking,intermediate,intermediate,https://upload.wikimedia.org/wikipedia/commons/9/91/SAT_%C3%85l%C3%B6_vandring_2025_april_08.jpg,False,False,False,True,SAT Ålö
603480613,path,ground,,designated,permissive,hiking,good,,https://upload.wikimedia.org/wikipedia/commons/e/e1/SAT_%C3%85l%C3%B6_2025_maj_%28228%29.jpg,False,False,False,False,SAT Ålö
703502014,path,ground,,designated,no,demanding_mountain_hiking,intermediate,bad,https://upload.wikimedia.org/wikipedia/commons/a/a4/SAT_%C3%85l%C3%B6_2025_maj_%28175%29.jpg,False,False,False,False,SAT Ålö
703502020,unclassified,gravel,,designated,yes,hiking,intermediate,intermediate,https://upload.wikimedia.org/wikipedia/commons/b/b1/SAT_%C3%85l%C3%B6_vandring_2025_april_76.jpg,False,False,False,False,SAT Ålö
703502022,path,ground;rock,,designated,no,hiking,good,,https://upload.wikimedia.org/wikipedia/commons/6/64/SAT_%C3%85l%C3%B6_20250805_med_base_camp_Stora_Sand_06.jpg,False,False,False,False,SAT Ålö
703502023,unclassified,gravel,,,yes,,,,,False,False,False,False,SAT Ålö
703502027,path,ground,grade4,designated,permissive,hiking,intermediate,intermediate,https://upload.wikimedia.org/wikipedia/commons/8/88/SAT_%C3%85l%C3%B6_vandring_2025_april_12.jpg,False,False,False,True,SAT Ålö
715314511,track,ground,grade4,designated,permissive,hiking,good,bad,https://upload.wikimedia.org/wikipedia/commons/thumb/e/e6/%C3%85l%C3%B6_och_Stora_sand_20250805_06.jpg/3024px-%C3%85l%C3%B6_och_Stora_sand_20250805_06.jpg,False,False,False,False,SAT Ålö
771056531,track,unpaved,,yes,,hiking,good,,,False,False,False,False,SAT Ålö
771056532,path,ground;rock,,designated,permissive,mountain hiking,good,,https://upload.wikimedia.org/wikipedia/commons/1/19/SAT_%C3%85l%C3%B6_vandring_2025_april_38.jpg,False,False,False,False,SAT Ålö
290717948,unclassified,compacted,,,,,,,,False,False,False,False,Öjaleden
694128676,path,,,,,,,,,True,True,True,False,Öjaleden
1064115027,path,,,,,,,,,True,True,True,False,Öjaleden
1378978031,path,,,,,,,,https://upload.wikimedia.org/wikipedia/commons/5/5f/%C3%96jaleden.jpg,True,True,True,False,Öjaleden
1378978034,path,,,,,,,,,True,True,True,False,Öjaleden
1378978035,track,,,,,,,,,True,False,False,False,Öjaleden
1378978036,path,,,,,,,,,True,True,True,False,Öjaleden
1378978037,path,,,,,,,,,True,True,True,False,Öjaleden
1378978039,path,,,,,,,,,True,True,True,False,Öjaleden
